Time,NH4,NO3,ON,PO4,OP,CBOD,DO
2016/1/1,0.017161939,0.280670969,0,0,0,0,0
2016/1/2,0.017292583,0.280517048,0,0,0,0,0
2016/1/3,0.017424222,0.280332944,0,0,0,0,0
2016/1/4,0.017556813,0.280118719,0,0,0,0,0
2016/1/5,0.017690315,0.279874443,0,0,0,0,0
2016/1/6,0.017824684,0.279600198,0,0,0,0,0
2016/1/7,0.017959877,0.279296074,0,0,0,0,0
2016/1/8,0.018095851,0.278962171,0,0,0,0,0
2016/1/9,0.018232561,0.278598598,0,0,0,0,0
2016/1/10,0.018369963,0.278205474,0,0,0,0,0
2016/1/11,0.018508013,0.277782927,0,0,0,0,0
2016/1/12,0.018646665,0.277331094,0,0,0,0,0
2016/1/13,0.018785874,0.276850121,0,0,0,0,0
2016/1/14,0.018925595,0.276340166,0,0,0,0,0
2016/1/15,0.01906578,0.275801392,0,0,0,0,0
2016/1/16,0.019206385,0.275233974,0,0,0,0,0
2016/1/17,0.019347362,0.274638094,0,0,0,0,0
2016/1/18,0.019488665,0.274013946,0,0,0,0,0
2016/1/19,0.019630246,0.273361731,0,0,0,0,0
2016/1/20,0.019772058,0.272681658,0,0,0,0,0
2016/1/21,0.019914055,0.271973945,0,0,0,0,0
2016/1/22,0.020056187,0.271238822,0,0,0,0,0
2016/1/23,0.020198408,0.270476524,0,0,0,0,0
2016/1/24,0.020340669,0.269687296,0,0,0,0,0
2016/1/25,0.020482923,0.268871391,0,0,0,0,0
2016/1/26,0.02062512,0.268029072,0,0,0,0,0
2016/1/27,0.020767213,0.267160607,0,0,0,0,0
2016/1/28,0.020909154,0.266266277,0,0,0,0,0
2016/1/29,0.021050892,0.265346367,0,0,0,0,0
2016/1/30,0.021192382,0.264401172,0,0,0,0,0
2016/1/31,0.021333572,0.263430994,0,0,0,0,0
2016/2/1,0.021474415,0.262436146,0,0,0,0,0
2016/2/2,0.021614862,0.261416943,0,0,0,0,0
2016/2/3,0.021754865,0.260373714,0,0,0,0,0
2016/2/4,0.021894374,0.259306791,0,0,0,0,0
2016/2/5,0.022033341,0.258216516,0,0,0,0,0
2016/2/6,0.022171718,0.257103237,0,0,0,0,0
2016/2/7,0.022309456,0.25596731,0,0,0,0,0
2016/2/8,0.022446506,0.254809098,0,0,0,0,0
2016/2/9,0.022582821,0.253628971,0,0,0,0,0
2016/2/10,0.022718351,0.252427306,0,0,0,0,0
2016/2/11,0.022853049,0.251204486,0,0,0,0,0
2016/2/12,0.022986868,0.249960902,0,0,0,0,0
2016/2/13,0.023119758,0.248696951,0,0,0,0,0
2016/2/14,0.023251673,0.247413036,0,0,0,0,0
2016/2/15,0.023382566,0.246109567,0,0,0,0,0
2016/2/16,0.023512388,0.244786959,0,0,0,0,0
2016/2/17,0.023641094,0.243445635,0,0,0,0,0
2016/2/18,0.023768636,0.242086022,0,0,0,0,0
2016/2/19,0.023894967,0.240708553,0,0,0,0,0
2016/2/20,0.024020043,0.239313668,0,0,0,0,0
2016/2/21,0.024143817,0.237901812,0,0,0,0,0
2016/2/22,0.024266242,0.236473434,0,0,0,0,0
2016/2/23,0.024387275,0.235028989,0,0,0,0,0
2016/2/24,0.02450687,0.233568938,0,0,0,0,0
2016/2/25,0.024624983,0.232093745,0,0,0,0,0
2016/2/26,0.024741569,0.230603882,0,0,0,0,0
2016/2/27,0.024856585,0.229099821,0,0,0,0,0
2016/2/28,0.024969987,0.227582042,0,0,0,0,0
2016/2/29,0.025081732,0.226051029,0,0,0,0,0
2016/3/1,0.025191778,0.224507268,0,0,0,0,0
2016/3/2,0.025300083,0.222951251,0,0,0,0,0
2016/3/3,0.025406605,0.221383473,0,0,0,0,0
2016/3/4,0.025511302,0.219804434,0,0,0,0,0
2016/3/5,0.025614135,0.218214635,0,0,0,0,0
2016/3/6,0.025715062,0.216614582,0,0,0,0,0
2016/3/7,0.025814045,0.215004785,0,0,0,0,0
2016/3/8,0.025911044,0.213385756,0,0,0,0,0
2016/3/9,0.026006021,0.211758009,0,0,0,0,0
2016/3/10,0.026098937,0.210122061,0,0,0,0,0
2016/3/11,0.026189756,0.208478435,0,0,0,0,0
2016/3/12,0.02627844,0.20682765,0,0,0,0,0
2016/3/13,0.026364952,0.205170234,0,0,0,0,0
2016/3/14,0.026449258,0.203506712,0,0,0,0,0
2016/3/15,0.026531323,0.201837613,0,0,0,0,0
2016/3/16,0.026611111,0.200163468,0,0,0,0,0
2016/3/17,0.026688589,0.198484809,0,0,0,0,0
2016/3/18,0.026763725,0.196802168,0,0,0,0,0
2016/3/19,0.026836485,0.195116082,0,0,0,0,0
2016/3/20,0.026906839,0.193427084,0,0,0,0,0
2016/3/21,0.026974754,0.191735713,0,0,0,0,0
2016/3/22,0.027040201,0.190042504,0,0,0,0,0
2016/3/23,0.02710315,0.188347997,0,0,0,0,0
2016/3/24,0.027163572,0.186652728,0,0,0,0,0
2016/3/25,0.02722144,0.184957236,0,0,0,0,0
2016/3/26,0.027276725,0.18326206,0,0,0,0,0
2016/3/27,0.027329401,0.181567737,0,0,0,0,0
2016/3/28,0.027379443,0.179874806,0,0,0,0,0
2016/3/29,0.027426824,0.178183803,0,0,0,0,0
2016/3/30,0.027471522,0.176495266,0,0,0,0,0
2016/3/31,0.027513513,0.17480973,0,0,0,0,0
2016/4/1,0.027552773,0.17312773,0,0,0,0,0
2016/4/2,0.027589282,0.1714498,0,0,0,0,0
2016/4/3,0.027623018,0.169776471,0,0,0,0,0
2016/4/4,0.02765396,0.168108275,0,0,0,0,0
2016/4/5,0.027682091,0.166445741,0,0,0,0,0
2016/4/6,0.02770739,0.164789396,0,0,0,0,0
2016/4/7,0.027729842,0.163139765,0,0,0,0,0
2016/4/8,0.027749428,0.161497371,0,0,0,0,0
2016/4/9,0.027766133,0.159862735,0,0,0,0,0
2016/4/10,0.027779943,0.158236374,0,0,0,0,0
2016/4/11,0.027790842,0.156618806,0,0,0,0,0
2016/4/12,0.027798819,0.155010541,0,0,0,0,0
2016/4/13,0.02780386,0.15341209,0,0,0,0,0
2016/4/14,0.027805954,0.151823959,0,0,0,0,0
2016/4/15,0.027805091,0.150246652,0,0,0,0,0
2016/4/16,0.027801262,0.148680667,0,0,0,0,0
2016/4/17,0.027794457,0.147126501,0,0,0,0,0
2016/4/18,0.027784669,0.145584646,0,0,0,0,0
2016/4/19,0.027771891,0.14405559,0,0,0,0,0
2016/4/20,0.027756117,0.142539818,0,0,0,0,0
2016/4/21,0.027737343,0.141037808,0,0,0,0,0
2016/4/22,0.027715564,0.139550037,0,0,0,0,0
2016/4/23,0.027690778,0.138076975,0,0,0,0,0
2016/4/24,0.027662982,0.136619088,0,0,0,0,0
2016/4/25,0.027632176,0.135176838,0,0,0,0,0
2016/4/26,0.027598359,0.13375068,0,0,0,0,0
2016/4/27,0.027561532,0.132341066,0,0,0,0,0
2016/4/28,0.027521697,0.130948442,0,0,0,0,0
2016/4/29,0.027478856,0.129573248,0,0,0,0,0
2016/4/30,0.027433013,0.128215917,0,0,0,0,0
2016/5/1,0.027384173,0.126876881,0,0,0,0,0
2016/5/2,0.027332342,0.12555656,0,0,0,0,0
2016/5/3,0.027277525,0.124255374,0,0,0,0,0
2016/5/4,0.027219731,0.122973732,0,0,0,0,0
2016/5/5,0.027158968,0.121712039,0,0,0,0,0
2016/5/6,0.027095245,0.120470694,0,0,0,0,0
2016/5/7,0.027028573,0.119250089,0,0,0,0,0
2016/5/8,0.026958963,0.118050608,0,0,0,0,0
2016/5/9,0.026886427,0.116872631,0,0,0,0,0
2016/5/10,0.026810979,0.115716529,0,0,0,0,0
2016/5/11,0.026732633,0.114582665,0,0,0,0,0
2016/5/12,0.026651403,0.113471399,0,0,0,0,0
2016/5/13,0.026567307,0.11238308,0,0,0,0,0
2016/5/14,0.026480361,0.11131805,0,0,0,0,0
2016/5/15,0.026390582,0.110276646,0,0,0,0,0
2016/5/16,0.026297991,0.109259196,0,0,0,0,0
2016/5/17,0.026202606,0.108266019,0,0,0,0,0
2016/5/18,0.026104449,0.107297428,0,0,0,0,0
2016/5/19,0.026003541,0.106353729,0,0,0,0,0
2016/5/20,0.025899904,0.105435217,0,0,0,0,0
2016/5/21,0.025793563,0.104542181,0,0,0,0,0
2016/5/22,0.025684541,0.103674902,0,0,0,0,0
2016/5/23,0.025572863,0.102833652,0,0,0,0,0
2016/5/24,0.025458557,0.102018695,0,0,0,0,0
2016/5/25,0.025341649,0.101230287,0,0,0,0,0
2016/5/26,0.025222166,0.100468675,0,0,0,0,0
2016/5/27,0.025100139,0.099734097,0,0,0,0,0
2016/5/28,0.024975595,0.099026785,0,0,0,0,0
2016/5/29,0.024848567,0.098346958,0,0,0,0,0
2016/5/30,0.024719085,0.097694829,0,0,0,0,0
2016/5/31,0.024587181,0.097070602,0,0,0,0,0
2016/6/1,0.024452888,0.096474473,0,0,0,0,0
2016/6/2,0.024316241,0.095906626,0,0,0,0,0
2016/6/3,0.024177274,0.095367238,0,0,0,0,0
2016/6/4,0.024036022,0.094856478,0,0,0,0,0
2016/6/5,0.023892522,0.094374504,0,0,0,0,0
2016/6/6,0.02374681,0.093921465,0,0,0,0,0
2016/6/7,0.023598925,0.093497501,0,0,0,0,0
2016/6/8,0.023448904,0.093102745,0,0,0,0,0
2016/6/9,0.023296789,0.092737316,0,0,0,0,0
2016/6/10,0.023142617,0.092401328,0,0,0,0,0
2016/6/11,0.022986431,0.092094883,0,0,0,0,0
2016/6/12,0.022828271,0.091818075,0,0,0,0,0
2016/6/13,0.02266818,0.091570988,0,0,0,0,0
2016/6/14,0.0225062,0.091353697,0,0,0,0,0
2016/6/15,0.022342376,0.091166266,0,0,0,0,0
2016/6/16,0.022176752,0.091008752,0,0,0,0,0
2016/6/17,0.022009372,0.090881201,0,0,0,0,0
2016/6/18,0.021840282,0.090783648,0,0,0,0,0
2016/6/19,0.021669528,0.090716121,0,0,0,0,0
2016/6/20,0.021497157,0.090678638,0,0,0,0,0
2016/6/21,0.021323216,0.090671206,0,0,0,0,0
2016/6/22,0.021147754,0.090693824,0,0,0,0,0
2016/6/23,0.020970818,0.090746479,0,0,0,0,0
2016/6/24,0.020792458,0.090829153,0,0,0,0,0
2016/6/25,0.020612724,0.090941813,0,0,0,0,0
2016/6/26,0.020431666,0.091084421,0,0,0,0,0
2016/6/27,0.020249335,0.091256927,0,0,0,0,0
2016/6/28,0.020065781,0.091459271,0,0,0,0,0
2016/6/29,0.019881057,0.091691386,0,0,0,0,0
2016/6/30,0.019695214,0.091953193,0,0,0,0,0
2016/7/1,0.019508306,0.092244606,0,0,0,0,0
2016/7/2,0.019320385,0.092565526,0,0,0,0,0
2016/7/3,0.019131505,0.092915849,0,0,0,0,0
2016/7/4,0.01894172,0.093295459,0,0,0,0,0
2016/7/5,0.018751084,0.09370423,0,0,0,0,0
2016/7/6,0.018559651,0.094142029,0,0,0,0,0
2016/7/7,0.018367478,0.094608713,0,0,0,0,0
2016/7/8,0.018174619,0.095104128,0,0,0,0,0
2016/7/9,0.01798113,0.095628114,0,0,0,0,0
2016/7/10,0.017787067,0.096180499,0,0,0,0,0
2016/7/11,0.017592486,0.096761104,0,0,0,0,0
2016/7/12,0.017397444,0.09736974,0,0,0,0,0
2016/7/13,0.017201999,0.098006209,0,0,0,0,0
2016/7/14,0.017006206,0.098670306,0,0,0,0,0
2016/7/15,0.016810123,0.099361814,0,0,0,0,0
2016/7/16,0.016613809,0.10008051,0,0,0,0,0
2016/7/17,0.01641732,0.100826161,0,0,0,0,0
2016/7/18,0.016220714,0.101598526,0,0,0,0,0
2016/7/19,0.016024051,0.102397355,0,0,0,0,0
2016/7/20,0.015827387,0.103222391,0,0,0,0,0
2016/7/21,0.015630781,0.104073367,0,0,0,0,0
2016/7/22,0.015434292,0.104950008,0,0,0,0,0
2016/7/23,0.015237979,0.105852031,0,0,0,0,0
2016/7/24,0.015041899,0.106779147,0,0,0,0,0
2016/7/25,0.014846111,0.107731055,0,0,0,0,0
2016/7/26,0.014650675,0.10870745,0,0,0,0,0
2016/7/27,0.014455648,0.109708017,0,0,0,0,0
2016/7/28,0.01426109,0.110732434,0,0,0,0,0
2016/7/29,0.014067059,0.111780371,0,0,0,0,0
2016/7/30,0.013873615,0.112851492,0,0,0,0,0
2016/7/31,0.013680814,0.113945451,0,0,0,0,0
2016/8/1,0.013488716,0.115061897,0,0,0,0,0
2016/8/2,0.01329738,0.116200472,0,0,0,0,0
2016/8/3,0.013106864,0.117360809,0,0,0,0,0
2016/8/4,0.012917225,0.118542535,0,0,0,0,0
2016/8/5,0.012728522,0.119745272,0,0,0,0,0
2016/8/6,0.012540813,0.120968632,0,0,0,0,0
2016/8/7,0.012354155,0.122212224,0,0,0,0,0
2016/8/8,0.012168605,0.123475648,0,0,0,0,0
2016/8/9,0.011984222,0.124758498,0,0,0,0,0
2016/8/10,0.011801062,0.126060364,0,0,0,0,0
2016/8/11,0.011619182,0.127380827,0,0,0,0,0
2016/8/12,0.011438638,0.128719465,0,0,0,0,0
2016/8/13,0.011259487,0.130075847,0,0,0,0,0
2016/8/14,0.011081784,0.13144954,0,0,0,0,0
2016/8/15,0.010905585,0.132840102,0,0,0,0,0
2016/8/16,0.010730945,0.134247088,0,0,0,0,0
2016/8/17,0.010557918,0.135670048,0,0,0,0,0
2016/8/18,0.010386561,0.137108525,0,0,0,0,0
2016/8/19,0.010216926,0.138562059,0,0,0,0,0
2016/8/20,0.010049067,0.140030184,0,0,0,0,0
2016/8/21,0.009883037,0.141512431,0,0,0,0,0
2016/8/22,0.00971889,0.143008323,0,0,0,0,0
2016/8/23,0.009556677,0.144517383,0,0,0,0,0
2016/8/24,0.009396451,0.146039128,0,0,0,0,0
2016/8/25,0.009238262,0.14757307,0,0,0,0,0
2016/8/26,0.009082161,0.149118719,0,0,0,0,0
2016/8/27,0.0089282,0.150675579,0,0,0,0,0
2016/8/28,0.008776427,0.152243154,0,0,0,0,0
2016/8/29,0.008626892,0.153820941,0,0,0,0,0
2016/8/30,0.008479643,0.155408435,0,0,0,0,0
2016/8/31,0.008334729,0.15700513,0,0,0,0,0
2016/9/1,0.008192196,0.158610513,0,0,0,0,0
2016/9/2,0.008052092,0.160224073,0,0,0,0,0
2016/9/3,0.007914463,0.161845293,0,0,0,0,0
2016/9/4,0.007779354,0.163473655,0,0,0,0,0
2016/9/5,0.007646811,0.165108638,0,0,0,0,0
2016/9/6,0.007516876,0.16674972,0,0,0,0,0
2016/9/7,0.007389594,0.168396376,0,0,0,0,0
2016/9/8,0.007265008,0.17004808,0,0,0,0,0
2016/9/9,0.007143159,0.171704304,0,0,0,0,0
2016/9/10,0.007024088,0.173364519,0,0,0,0,0
2016/9/11,0.006907837,0.175028195,0,0,0,0,0
2016/9/12,0.006794445,0.1766948,0,0,0,0,0
2016/9/13,0.006683951,0.178363802,0,0,0,0,0
2016/9/14,0.006576392,0.180034668,0,0,0,0,0
2016/9/15,0.006471808,0.181706864,0,0,0,0,0
2016/9/16,0.006370233,0.183379856,0,0,0,0,0
2016/9/17,0.006271704,0.18505311,0,0,0,0,0
2016/9/18,0.006176256,0.186726092,0,0,0,0,0
2016/9/19,0.006083922,0.188398267,0,0,0,0,0
2016/9/20,0.005994737,0.190069103,0,0,0,0,0
2016/9/21,0.005908731,0.191738065,0,0,0,0,0
2016/9/22,0.005825937,0.193404621,0,0,0,0,0
2016/9/23,0.005746385,0.19506824,0,0,0,0,0
2016/9/24,0.005670104,0.196728389,0,0,0,0,0
2016/9/25,0.005597124,0.19838454,0,0,0,0,0
2016/9/26,0.005527472,0.200036164,0,0,0,0,0
2016/9/27,0.005461174,0.201682734,0,0,0,0,0
2016/9/28,0.005398258,0.203323726,0,0,0,0,0
2016/9/29,0.005338747,0.204958615,0,0,0,0,0
2016/9/30,0.005282665,0.20658688,0,0,0,0,0
2016/10/1,0.005230036,0.208208001,0,0,0,0,0
2016/10/2,0.005180881,0.209821463,0,0,0,0,0
2016/10/3,0.005135222,0.21142675,0,0,0,0,0
2016/10/4,0.005093078,0.213023351,0,0,0,0,0
2016/10/5,0.005054469,0.214610757,0,0,0,0,0
2016/10/6,0.005019412,0.216188461,0,0,0,0,0
2016/10/7,0.004987924,0.21775596,0,0,0,0,0
2016/10/8,0.004960021,0.219312756,0,0,0,0,0
2016/10/9,0.004935719,0.220858352,0,0,0,0,0
2016/10/10,0.004915031,0.222392256,0,0,0,0,0
2016/10/11,0.004897969,0.223913978,0,0,0,0,0
2016/10/12,0.004884546,0.225423034,0,0,0,0,0
2016/10/13,0.004874772,0.226918944,0,0,0,0,0
2016/10/14,0.004868657,0.22840123,0,0,0,0,0
2016/10/15,0.00486621,0.229869421,0,0,0,0,0
2016/10/16,0.004867438,0.231323049,0,0,0,0,0
2016/10/17,0.004872347,0.232761651,0,0,0,0,0
2016/10/18,0.004880943,0.234184769,0,0,0,0,0
2016/10/19,0.00489323,0.23559195,0,0,0,0,0
2016/10/20,0.004909212,0.236982747,0,0,0,0,0
2016/10/21,0.00492889,0.238356716,0,0,0,0,0
2016/10/22,0.004952265,0.239713419,0,0,0,0,0
2016/10/23,0.004979339,0.241052427,0,0,0,0,0
2016/10/24,0.005010108,0.242373311,0,0,0,0,0
2016/10/25,0.005044572,0.243675653,0,0,0,0,0
2016/10/26,0.005082727,0.244959038,0,0,0,0,0
2016/10/27,0.005124569,0.246223057,0,0,0,0,0
2016/10/28,0.005170091,0.247467309,0,0,0,0,0
2016/10/29,0.005219288,0.248691397,0,0,0,0,0
2016/10/30,0.005272152,0.249894934,0,0,0,0,0
2016/10/31,0.005328675,0.251077536,0,0,0,0,0
2016/11/1,0.005388845,0.252238827,0,0,0,0,0
2016/11/2,0.005452653,0.253378438,0,0,0,0,0
2016/11/3,0.005520087,0.254496008,0,0,0,0,0
2016/11/4,0.005591133,0.255591181,0,0,0,0,0
2016/11/5,0.005665777,0.256663609,0,0,0,0,0
2016/11/6,0.005744005,0.257712952,0,0,0,0,0
2016/11/7,0.005825799,0.258738876,0,0,0,0,0
2016/11/8,0.005911143,0.259741057,0,0,0,0,0
2016/11/9,0.006000018,0.260719175,0,0,0,0,0
2016/11/10,0.006092404,0.26167292,0,0,0,0,0
2016/11/11,0.006188282,0.262601991,0,0,0,0,0
2016/11/12,0.006287629,0.263506092,0,0,0,0,0
2016/11/13,0.006390423,0.264384936,0,0,0,0,0
2016/11/14,0.00649664,0.265238246,0,0,0,0,0
2016/11/15,0.006606256,0.26606575,0,0,0,0,0
2016/11/16,0.006719245,0.266867186,0,0,0,0,0
2016/11/17,0.00683558,0.267642302,0,0,0,0,0
2016/11/18,0.006955233,0.26839085,0,0,0,0,0
2016/11/19,0.007078176,0.269112595,0,0,0,0,0
2016/11/20,0.007204378,0.269807309,0,0,0,0,0
2016/11/21,0.00733381,0.27047477,0,0,0,0,0
2016/11/22,0.007466439,0.27111477,0,0,0,0,0
2016/11/23,0.007602233,0.271727104,0,0,0,0,0
2016/11/24,0.007741158,0.272311581,0,0,0,0,0
2016/11/25,0.007883179,0.272868016,0,0,0,0,0
2016/11/26,0.008028262,0.273396232,0,0,0,0,0
2016/11/27,0.008176368,0.273896065,0,0,0,0,0
2016/11/28,0.008327462,0.274367356,0,0,0,0,0
2016/11/29,0.008481504,0.274809958,0,0,0,0,0
2016/11/30,0.008638455,0.275223731,0,0,0,0,0
2016/12/1,0.008798275,0.275608546,0,0,0,0,0
2016/12/2,0.008960924,0.275964282,0,0,0,0,0
2016/12/3,0.009126359,0.276290827,0,0,0,0,0
2016/12/4,0.009294537,0.27658808,0,0,0,0,0
2016/12/5,0.009465415,0.276855949,0,0,0,0,0
2016/12/6,0.009638948,0.27709435,0,0,0,0,0
2016/12/7,0.009815091,0.277303209,0,0,0,0,0
2016/12/8,0.009993798,0.277482462,0,0,0,0,0
2016/12/9,0.010175022,0.277632055,0,0,0,0,0
2016/12/10,0.010358715,0.277751941,0,0,0,0,0
2016/12/11,0.010544829,0.277842085,0,0,0,0,0
2016/12/12,0.010733315,0.277902461,0,0,0,0,0
2016/12/13,0.010924122,0.277933052,0,0,0,0,0
2016/12/14,0.0111172,0.277933851,0,0,0,0,0
2016/12/15,0.011312497,0.277904858,0,0,0,0,0
2016/12/16,0.011509962,0.277846088,0,0,0,0,0
2016/12/17,0.011709541,0.277757559,0,0,0,0,0
2016/12/18,0.011911181,0.277639304,0,0,0,0,0
2016/12/19,0.012114827,0.277491363,0,0,0,0,0
2016/12/20,0.012320426,0.277313784,0,0,0,0,0
2016/12/21,0.012527921,0.277106628,0,0,0,0,0
2016/12/22,0.012737256,0.276869963,0,0,0,0,0
2016/12/23,0.012948375,0.276603866,0,0,0,0,0
2016/12/24,0.01316122,0.276308426,0,0,0,0,0
2016/12/25,0.013375735,0.275983739,0,0,0,0,0
2016/12/26,0.013591859,0.275629912,0,0,0,0,0
2016/12/27,0.013809535,0.275247059,0,0,0,0,0
2016/12/28,0.014028703,0.274835305,0,0,0,0,0
2016/12/29,0.014249304,0.274394785,0,0,0,0,0
2016/12/30,0.014471276,0.273925641,0,0,0,0,0
2016/12/31,0.014694559,0.273428026,0,0,0,0,0
2017/1/1,0.014919092,0.272902102,0,0,0,0,0
2017/1/2,0.015144813,0.272348037,0,0,0,0,0
2017/1/3,0.01537166,0.271766013,0,0,0,0,0
2017/1/4,0.01559957,0.271156216,0,0,0,0,0
2017/1/5,0.01582848,0.270518845,0,0,0,0,0
2017/1/6,0.016058328,0.269854105,0,0,0,0,0
2017/1/7,0.01628905,0.269162211,0,0,0,0,0
2017/1/8,0.016520581,0.268443386,0,0,0,0,0
2017/1/9,0.016752858,0.267697863,0,0,0,0,0
2017/1/10,0.016985816,0.266925881,0,0,0,0,0
2017/1/11,0.01721939,0.26612769,0,0,0,0,0
2017/1/12,0.017453516,0.265303547,0,0,0,0,0
2017/1/13,0.017688128,0.264453717,0,0,0,0,0
2017/1/14,0.017923161,0.263578475,0,0,0,0,0
2017/1/15,0.018158549,0.262678102,0,0,0,0,0
2017/1/16,0.018394227,0.261752887,0,0,0,0,0
2017/1/17,0.018630128,0.26080313,0,0,0,0,0
2017/1/18,0.018866187,0.259829135,0,0,0,0,0
2017/1/19,0.019102337,0.258831216,0,0,0,0,0
2017/1/20,0.019338512,0.257809693,0,0,0,0,0
2017/1/21,0.019574646,0.256764896,0,0,0,0,0
2017/1/22,0.019810672,0.255697161,0,0,0,0,0
2017/1/23,0.020046525,0.254606829,0,0,0,0,0
2017/1/24,0.020282137,0.253494254,0,0,0,0,0
2017/1/25,0.020517442,0.25235979,0,0,0,0,0
2017/1/26,0.020752375,0.251203804,0,0,0,0,0
2017/1/27,0.020986868,0.250026667,0,0,0,0,0
2017/1/28,0.021220855,0.248828756,0,0,0,0,0
2017/1/29,0.02145427,0.247610457,0,0,0,0,0
2017/1/30,0.021687048,0.24637216,0,0,0,0,0
2017/1/31,0.021919121,0.245114265,0,0,0,0,0
2017/2/1,0.022150425,0.243837173,0,0,0,0,0
2017/2/2,0.022380894,0.242541296,0,0,0,0,0
2017/2/3,0.022610462,0.24122705,0,0,0,0,0
2017/2/4,0.022839064,0.239894856,0,0,0,0,0
2017/2/5,0.023066635,0.238545142,0,0,0,0,0
2017/2/6,0.023293111,0.237178341,0,0,0,0,0
2017/2/7,0.023518426,0.235794891,0,0,0,0,0
2017/2/8,0.023742516,0.234395238,0,0,0,0,0
2017/2/9,0.023965318,0.232979829,0,0,0,0,0
2017/2/10,0.024186768,0.231549118,0,0,0,0,0
2017/2/11,0.024406803,0.230103566,0,0,0,0,0
2017/2/12,0.024625359,0.228643635,0,0,0,0,0
2017/2/13,0.024842375,0.227169794,0,0,0,0,0
2017/2/14,0.025057787,0.225682516,0,0,0,0,0
2017/2/15,0.025271535,0.224182277,0,0,0,0,0
2017/2/16,0.025483556,0.222669559,0,0,0,0,0
2017/2/17,0.02569379,0.221144846,0,0,0,0,0
2017/2/18,0.025902177,0.219608628,0,0,0,0,0
2017/2/19,0.026108657,0.218061398,0,0,0,0,0
2017/2/20,0.02631317,0.21650365,0,0,0,0,0
2017/2/21,0.026515657,0.214935886,0,0,0,0,0
2017/2/22,0.02671606,0.213358606,0,0,0,0,0
2017/2/23,0.026914321,0.211772318,0,0,0,0,0
2017/2/24,0.027110384,0.210177529,0,0,0,0,0
2017/2/25,0.02730419,0.208574751,0,0,0,0,0
2017/2/26,0.027495684,0.206964497,0,0,0,0,0
2017/2/27,0.027684812,0.205347283,0,0,0,0,0
2017/2/28,0.027871517,0.203723629,0,0,0,0,0
2017/3/1,0.028055746,0.202094053,0,0,0,0,0
2017/3/2,0.028237445,0.200459079,0,0,0,0,0
2017/3/3,0.028416562,0.198819231,0,0,0,0,0
2017/3/4,0.028593045,0.197175033,0,0,0,0,0
2017/3/5,0.028766842,0.195527013,0,0,0,0,0
2017/3/6,0.028937902,0.193875698,0,0,0,0,0
2017/3/7,0.029106176,0.192221619,0,0,0,0,0
2017/3/8,0.029271614,0.190565304,0,0,0,0,0
2017/3/9,0.029434169,0.188907285,0,0,0,0,0
2017/3/10,0.029593793,0.187248093,0,0,0,0,0
2017/3/11,0.029750439,0.185588259,0,0,0,0,0
2017/3/12,0.029904061,0.183928315,0,0,0,0,0
2017/3/13,0.030054614,0.182268794,0,0,0,0,0
2017/3/14,0.030202054,0.180610225,0,0,0,0,0
2017/3/15,0.030346337,0.178953142,0,0,0,0,0
2017/3/16,0.030487422,0.177298074,0,0,0,0,0
2017/3/17,0.030625266,0.175645552,0,0,0,0,0
2017/3/18,0.030759829,0.173996105,0,0,0,0,0
2017/3/19,0.030891072,0.172350262,0,0,0,0,0
2017/3/20,0.031018954,0.170708549,0,0,0,0,0
2017/3/21,0.031143439,0.169071493,0,0,0,0,0
2017/3/22,0.03126449,0.167439619,0,0,0,0,0
2017/3/23,0.03138207,0.165813447,0,0,0,0,0
2017/3/24,0.031496145,0.1641935,0,0,0,0,0
2017/3/25,0.03160668,0.162580297,0,0,0,0,0
2017/3/26,0.031713642,0.160974353,0,0,0,0,0
2017/3/27,0.031817001,0.159376184,0,0,0,0,0
2017/3/28,0.031916723,0.157786301,0,0,0,0,0
2017/3/29,0.03201278,0.156205214,0,0,0,0,0
2017/3/30,0.032105143,0.154633428,0,0,0,0,0
2017/3/31,0.032193783,0.153071448,0,0,0,0,0
2017/4/1,0.032278674,0.151519773,0,0,0,0,0
2017/4/2,0.03235979,0.1499789,0,0,0,0,0
2017/4/3,0.032437106,0.148449323,0,0,0,0,0
2017/4/4,0.032510599,0.146931532,0,0,0,0,0
2017/4/5,0.032580246,0.145426012,0,0,0,0,0
2017/4/6,0.032646025,0.143933247,0,0,0,0,0
2017/4/7,0.032707916,0.142453713,0,0,0,0,0
2017/4/8,0.0327659,0.140987886,0,0,0,0,0
2017/4/9,0.032819959,0.139536233,0,0,0,0,0
2017/4/10,0.032870076,0.138099221,0,0,0,0,0
2017/4/11,0.032916234,0.136677309,0,0,0,0,0
2017/4/12,0.032958419,0.135270953,0,0,0,0,0
2017/4/13,0.032996617,0.133880602,0,0,0,0,0
2017/4/14,0.033030815,0.132506704,0,0,0,0,0
2017/4/15,0.033061003,0.131149696,0,0,0,0,0
2017/4/16,0.033087169,0.129810015,0,0,0,0,0
2017/4/17,0.033109305,0.128488088,0,0,0,0,0
2017/4/18,0.033127403,0.12718434,0,0,0,0,0
2017/4/19,0.033141455,0.125899188,0,0,0,0,0
2017/4/20,0.033151457,0.124633043,0,0,0,0,0
2017/4/21,0.033157403,0.123386311,0,0,0,0,0
2017/4/22,0.03315929,0.122159392,0,0,0,0,0
2017/4/23,0.033157117,0.120952678,0,0,0,0,0
2017/4/24,0.033150881,0.119766555,0,0,0,0,0
2017/4/25,0.033140583,0.118601405,0,0,0,0,0
2017/4/26,0.033126224,0.117457599,0,0,0,0,0
2017/4/27,0.033107807,0.116335504,0,0,0,0,0
2017/4/28,0.033085336,0.115235481,0,0,0,0,0
2017/4/29,0.033058814,0.11415788,0,0,0,0,0
2017/4/30,0.033028248,0.113103047,0,0,0,0,0
2017/5/1,0.032993644,0.11207132,0,0,0,0,0
2017/5/2,0.032955012,0.111063031,0,0,0,0,0
2017/5/3,0.03291236,0.1100785,0,0,0,0,0
2017/5/4,0.032865699,0.109118045,0,0,0,0,0
2017/5/5,0.032815041,0.108181973,0,0,0,0,0
2017/5/6,0.032760398,0.107270583,0,0,0,0,0
2017/5/7,0.032701784,0.106384168,0,0,0,0,0
2017/5/8,0.032639214,0.105523012,0,0,0,0,0
2017/5/9,0.032572705,0.10468739,0,0,0,0,0
2017/5/10,0.032502273,0.103877571,0,0,0,0,0
2017/5/11,0.032427938,0.103093814,0,0,0,0,0
2017/5/12,0.032349719,0.10233637,0,0,0,0,0
2017/5/13,0.032267636,0.101605483,0,0,0,0,0
2017/5/14,0.032181711,0.100901385,0,0,0,0,0
2017/5/15,0.032091967,0.100224304,0,0,0,0,0
2017/5/16,0.031998429,0.099574456,0,0,0,0,0
2017/5/17,0.031901121,0.098952049,0,0,0,0,0
2017/5/18,0.031800069,0.098357283,0,0,0,0,0
2017/5/19,0.0316953,0.097790349,0,0,0,0,0
2017/5/20,0.031586843,0.097251429,0,0,0,0,0
2017/5/21,0.031474728,0.096740696,0,0,0,0,0
2017/5/22,0.031358984,0.096258313,0,0,0,0,0
2017/5/23,0.031239642,0.095804435,0,0,0,0,0
2017/5/24,0.031116737,0.095379208,0,0,0,0,0
2017/5/25,0.0309903,0.094982769,0,0,0,0,0
2017/5/26,0.030860366,0.094615245,0,0,0,0,0
2017/5/27,0.030726971,0.094276754,0,0,0,0,0
2017/5/28,0.030590152,0.093967404,0,0,0,0,0
2017/5/29,0.030449945,0.093687296,0,0,0,0,0
2017/5/30,0.03030639,0.09343652,0,0,0,0,0
2017/5/31,0.030159525,0.093215155,0,0,0,0,0
2017/6/1,0.030009392,0.093023274,0,0,0,0,0
2017/6/2,0.02985603,0.092860938,0,0,0,0,0
2017/6/3,0.029699483,0.0927282,0,0,0,0,0
2017/6/4,0.029539793,0.092625104,0,0,0,0,0
2017/6/5,0.029377005,0.092551681,0,0,0,0,0
2017/6/6,0.029211164,0.092507957,0,0,0,0,0
2017/6/7,0.029042314,0.092493946,0,0,0,0,0
2017/6/8,0.028870504,0.092509653,0,0,0,0,0
2017/6/9,0.02869578,0.092555073,0,0,0,0,0
2017/6/10,0.02851819,0.092630193,0,0,0,0,0
2017/6/11,0.028337785,0.092734989,0,0,0,0,0
2017/6/12,0.028154613,0.092869429,0,0,0,0,0
2017/6/13,0.027968726,0.093033469,0,0,0,0,0
2017/6/14,0.027780174,0.093227057,0,0,0,0,0
2017/6/15,0.027589011,0.093450133,0,0,0,0,0
2017/6/16,0.027395289,0.093702626,0,0,0,0,0
2017/6/17,0.027199062,0.093984455,0,0,0,0,0
2017/6/18,0.027000384,0.094295531,0,0,0,0,0
2017/6/19,0.026799311,0.094635755,0,0,0,0,0
2017/6/20,0.026595899,0.095005018,0,0,0,0,0
2017/6/21,0.026390203,0.095403203,0,0,0,0,0
2017/6/22,0.026182282,0.095830184,0,0,0,0,0
2017/6/23,0.025972192,0.096285824,0,0,0,0,0
2017/6/24,0.025759993,0.096769978,0,0,0,0,0
2017/6/25,0.025545743,0.097282491,0,0,0,0,0
2017/6/26,0.025329502,0.097823201,0,0,0,0,0
2017/6/27,0.02511133,0.098391935,0,0,0,0,0
2017/6/28,0.024891287,0.098988511,0,0,0,0,0
2017/6/29,0.024669436,0.09961274,0,0,0,0,0
2017/6/30,0.024445837,0.100264421,0,0,0,0,0
2017/7/1,0.024220553,0.100943348,0,0,0,0,0
2017/7/2,0.023993647,0.101649304,0,0,0,0,0
2017/7/3,0.023765181,0.102382063,0,0,0,0,0
2017/7/4,0.02353522,0.103141391,0,0,0,0,0
2017/7/5,0.023303827,0.103927047,0,0,0,0,0
2017/7/6,0.023071067,0.104738779,0,0,0,0,0
2017/7/7,0.022837005,0.105576328,0,0,0,0,0
2017/7/8,0.022601705,0.106439427,0,0,0,0,0
2017/7/9,0.022365234,0.1073278,0,0,0,0,0
2017/7/10,0.022127657,0.108241163,0,0,0,0,0
2017/7/11,0.02188904,0.109179226,0,0,0,0,0
2017/7/12,0.02164945,0.110141688,0,0,0,0,0
2017/7/13,0.021408953,0.111128242,0,0,0,0,0
2017/7/14,0.021167617,0.112138573,0,0,0,0,0
2017/7/15,0.020925508,0.113172359,0,0,0,0,0
2017/7/16,0.020682694,0.114229268,0,0,0,0,0
2017/7/17,0.020439242,0.115308964,0,0,0,0,0
2017/7/18,0.020195221,0.116411101,0,0,0,0,0
2017/7/19,0.019950698,0.117535327,0,0,0,0,0
2017/7/20,0.019705741,0.118681284,0,0,0,0,0
2017/7/21,0.019460419,0.119848605,0,0,0,0,0
2017/7/22,0.019214798,0.121036917,0,0,0,0,0
2017/7/23,0.018968949,0.122245841,0,0,0,0,0
2017/7/24,0.018722939,0.123474989,0,0,0,0,0
2017/7/25,0.018476837,0.12472397,0,0,0,0,0
2017/7/26,0.01823071,0.125992384,0,0,0,0,0
2017/7/27,0.017984628,0.127279826,0,0,0,0,0
2017/7/28,0.017738658,0.128585885,0,0,0,0,0
2017/7/29,0.017492869,0.129910142,0,0,0,0,0
2017/7/30,0.01724733,0.131252175,0,0,0,0,0
2017/7/31,0.017002108,0.132611555,0,0,0,0,0
2017/8/1,0.016757271,0.133987847,0,0,0,0,0
2017/8/2,0.016512887,0.135380611,0,0,0,0,0
2017/8/3,0.016269025,0.136789403,0,0,0,0,0
2017/8/4,0.016025751,0.138213771,0,0,0,0,0
2017/8/5,0.015783133,0.13965326,0,0,0,0,0
2017/8/6,0.015541238,0.14110741,0,0,0,0,0
2017/8/7,0.015300134,0.142575757,0,0,0,0,0
2017/8/8,0.015059886,0.14405783,0,0,0,0,0
2017/8/9,0.014820562,0.145553156,0,0,0,0,0
2017/8/10,0.014582227,0.147061257,0,0,0,0,0
2017/8/11,0.014344948,0.148581649,0,0,0,0,0
2017/8/12,0.014108789,0.150113849,0,0,0,0,0
2017/8/13,0.013873817,0.151657364,0,0,0,0,0
2017/8/14,0.013640095,0.153211702,0,0,0,0,0
2017/8/15,0.013407689,0.154776365,0,0,0,0,0
2017/8/16,0.013176663,0.156350853,0,0,0,0,0
2017/8/17,0.01294708,0.157934663,0,0,0,0,0
2017/8/18,0.012719003,0.159527287,0,0,0,0,0
2017/8/19,0.012492495,0.161128217,0,0,0,0,0
2017/8/20,0.012267618,0.16273694,0,0,0,0,0
2017/8/21,0.012044435,0.164352941,0,0,0,0,0
2017/8/22,0.011823006,0.165975704,0,0,0,0,0
2017/8/23,0.011603393,0.16760471,0,0,0,0,0
2017/8/24,0.011385654,0.169239436,0,0,0,0,0
2017/8/25,0.011169851,0.170879361,0,0,0,0,0
2017/8/26,0.010956042,0.17252396,0,0,0,0,0
2017/8/27,0.010744286,0.174172705,0,0,0,0,0
2017/8/28,0.01053464,0.17582507,0,0,0,0,0
2017/8/29,0.010327161,0.177480526,0,0,0,0,0
2017/8/30,0.010121908,0.179138543,0,0,0,0,0
2017/8/31,0.009918934,0.18079859,0,0,0,0,0
2017/9/1,0.009718296,0.182460137,0,0,0,0,0
2017/9/2,0.009520048,0.18412265,0,0,0,0,0
2017/9/3,0.009324244,0.185785599,0,0,0,0,0
2017/9/4,0.009130937,0.18744845,0,0,0,0,0
2017/9/5,0.008940179,0.189110672,0,0,0,0,0
2017/9/6,0.008752023,0.190771732,0,0,0,0,0
2017/9/7,0.008566518,0.192431098,0,0,0,0,0
2017/9/8,0.008383716,0.19408824,0,0,0,0,0
2017/9/9,0.008203665,0.195742626,0,0,0,0,0
2017/9/10,0.008026414,0.197393727,0,0,0,0,0
2017/9/11,0.00785201,0.199041013,0,0,0,0,0
2017/9/12,0.0076805,0.200683959,0,0,0,0,0
2017/9/13,0.007511931,0.202322037,0,0,0,0,0
2017/9/14,0.007346347,0.203954722,0,0,0,0,0
2017/9/15,0.007183793,0.205581492,0,0,0,0,0
2017/9/16,0.007024311,0.207201825,0,0,0,0,0
2017/9/17,0.006867945,0.208815203,0,0,0,0,0
2017/9/18,0.006714735,0.210421109,0,0,0,0,0
2017/9/19,0.006564723,0.212019028,0,0,0,0,0
2017/9/20,0.006417947,0.213608447,0,0,0,0,0
2017/9/21,0.006274448,0.215188859,0,0,0,0,0
2017/9/22,0.006134262,0.216759755,0,0,0,0,0
2017/9/23,0.005997425,0.218320634,0,0,0,0,0
2017/9/24,0.005863975,0.219870994,0,0,0,0,0
2017/9/25,0.005733946,0.221410338,0,0,0,0,0
2017/9/26,0.005607371,0.222938174,0,0,0,0,0
2017/9/27,0.005484283,0.224454011,0,0,0,0,0
2017/9/28,0.005364715,0.225957363,0,0,0,0,0
2017/9/29,0.005248696,0.227447748,0,0,0,0,0
2017/9/30,0.005136256,0.228924688,0,0,0,0,0
2017/10/1,0.005027425,0.23038771,0,0,0,0,0
2017/10/2,0.004922229,0.231836344,0,0,0,0,0
2017/10/3,0.004820696,0.233270126,0,0,0,0,0
2017/10/4,0.00472285,0.234688596,0,0,0,0,0
2017/10/5,0.004628716,0.236091298,0,0,0,0,0
2017/10/6,0.004538318,0.237477782,0,0,0,0,0
2017/10/7,0.004451677,0.238847603,0,0,0,0,0
2017/10/8,0.004368815,0.240200323,0,0,0,0,0
2017/10/9,0.004289752,0.241535506,0,0,0,0,0
2017/10/10,0.004214506,0.242852724,0,0,0,0,0
2017/10/11,0.004143096,0.244151553,0,0,0,0,0
2017/10/12,0.004075539,0.245431578,0,0,0,0,0
2017/10/13,0.004011849,0.246692386,0,0,0,0,0
2017/10/14,0.003952042,0.247933573,0,0,0,0,0
2017/10/15,0.00389613,0.24915474,0,0,0,0,0
2017/10/16,0.003844126,0.250355495,0,0,0,0,0
2017/10/17,0.003796041,0.251535451,0,0,0,0,0
2017/10/18,0.003751885,0.252694229,0,0,0,0,0
2017/10/19,0.003711667,0.253831458,0,0,0,0,0
2017/10/20,0.003675395,0.25494677,0,0,0,0,0
2017/10/21,0.003643074,0.256039808,0,0,0,0,0
2017/10/22,0.003614711,0.257110219,0,0,0,0,0
2017/10/23,0.00359031,0.25815766,0,0,0,0,0
2017/10/24,0.003569874,0.259181793,0,0,0,0,0
2017/10/25,0.003553404,0.260182289,0,0,0,0,0
2017/10/26,0.003540902,0.261158825,0,0,0,0,0
2017/10/27,0.003532368,0.262111086,0,0,0,0,0
2017/10/28,0.003527799,0.263038767,0,0,0,0,0
2017/10/29,0.003527194,0.263941568,0,0,0,0,0
2017/10/30,0.003530549,0.264819198,0,0,0,0,0
2017/10/31,0.003537858,0.265671373,0,0,0,0,0
2017/11/1,0.003549117,0.26649782,0,0,0,0,0
2017/11/2,0.003564317,0.267298271,0,0,0,0,0
2017/11/3,0.003583451,0.268072468,0,0,0,0,0
2017/11/4,0.003606509,0.26882016,0,0,0,0,0
2017/11/5,0.003633481,0.269541106,0,0,0,0,0
2017/11/6,0.003664355,0.270235074,0,0,0,0,0
2017/11/7,0.003699119,0.270901837,0,0,0,0,0
2017/11/8,0.003737758,0.271541182,0,0,0,0,0
2017/11/9,0.003780258,0.272152899,0,0,0,0,0
2017/11/10,0.003826603,0.272736792,0,0,0,0,0
2017/11/11,0.003876775,0.27329267,0,0,0,0,0
2017/11/12,0.003930757,0.273820354,0,0,0,0,0
2017/11/13,0.003988529,0.274319671,0,0,0,0,0
2017/11/14,0.004050071,0.274790459,0,0,0,0,0
2017/11/15,0.004115362,0.275232565,0,0,0,0,0
2017/11/16,0.004184378,0.275645844,0,0,0,0,0
2017/11/17,0.004257097,0.276030162,0,0,0,0,0
2017/11/18,0.004333494,0.276385393,0,0,0,0,0
2017/11/19,0.004413544,0.276711419,0,0,0,0,0
2017/11/20,0.004497219,0.277008134,0,0,0,0,0
2017/11/21,0.004584492,0.27727544,0,0,0,0,0
2017/11/22,0.004675335,0.277513249,0,0,0,0,0
2017/11/23,0.004769717,0.277721481,0,0,0,0,0
2017/11/24,0.004867609,0.277900066,0,0,0,0,0
2017/11/25,0.004968978,0.278048945,0,0,0,0,0
2017/11/26,0.005073792,0.278168067,0,0,0,0,0
2017/11/27,0.005182018,0.27825739,0,0,0,0,0
2017/11/28,0.00529362,0.278316883,0,0,0,0,0
2017/11/29,0.005408564,0.278346523,0,0,0,0,0
2017/11/30,0.005526813,0.278346299,0,0,0,0,0
2017/12/1,0.005648329,0.278316206,0,0,0,0,0
2017/12/2,0.005773076,0.278256251,0,0,0,0,0
2017/12/3,0.005901012,0.27816645,0,0,0,0,0
2017/12/4,0.0060321,0.278046828,0,0,0,0,0
2017/12/5,0.006166297,0.277897421,0,0,0,0,0
2017/12/6,0.006303562,0.277718273,0,0,0,0,0
2017/12/7,0.006443853,0.277509437,0,0,0,0,0
2017/12/8,0.006587126,0.277270978,0,0,0,0,0
2017/12/9,0.006733336,0.277002968,0,0,0,0,0
2017/12/10,0.00688244,0.27670549,0,0,0,0,0
2017/12/11,0.007034391,0.276378634,0,0,0,0,0
2017/12/12,0.007189143,0.276022503,0,0,0,0,0
2017/12/13,0.007346649,0.275637207,0,0,0,0,0
2017/12/14,0.007506859,0.275222865,0,0,0,0,0
2017/12/15,0.007669727,0.274779607,0,0,0,0,0
2017/12/16,0.007835201,0.274307571,0,0,0,0,0
2017/12/17,0.008003233,0.273806904,0,0,0,0,0
2017/12/18,0.008173771,0.273277763,0,0,0,0,0
2017/12/19,0.008346764,0.272720314,0,0,0,0,0
2017/12/20,0.008522159,0.272134732,0,0,0,0,0
2017/12/21,0.008699903,0.2715212,0,0,0,0,0
2017/12/22,0.008879944,0.270879911,0,0,0,0,0
2017/12/23,0.009062227,0.270211066,0,0,0,0,0
2017/12/24,0.009246698,0.269514877,0,0,0,0,0
2017/12/25,0.009433302,0.268791562,0,0,0,0,0
2017/12/26,0.009621982,0.268041348,0,0,0,0,0
2017/12/27,0.009812682,0.267264473,0,0,0,0,0
2017/12/28,0.010005346,0.266461182,0,0,0,0,0
2017/12/29,0.010199917,0.265631726,0,0,0,0,0
2017/12/30,0.010396336,0.26477637,0,0,0,0,0
2017/12/31,0.010594545,0.263895381,0,0,0,0,0
2018/1/1,0.010794486,0.26298904,0,0,0,0,0
2018/1/2,0.0109961,0.262057631,0,0,0,0,0
2018/1/3,0.011199327,0.261101449,0,0,0,0,0
2018/1/4,0.011404107,0.260120797,0,0,0,0,0
2018/1/5,0.01161038,0.259115985,0,0,0,0,0
2018/1/6,0.011818085,0.25808733,0,0,0,0,0
2018/1/7,0.012027161,0.257035158,0,0,0,0,0
2018/1/8,0.012237547,0.255959802,0,0,0,0,0
2018/1/9,0.012449182,0.254861603,0,0,0,0,0
2018/1/10,0.012662003,0.253740908,0,0,0,0,0
2018/1/11,0.012875948,0.252598071,0,0,0,0,0
2018/1/12,0.013090955,0.251433456,0,0,0,0,0
2018/1/13,0.013306961,0.250247432,0,0,0,0,0
2018/1/14,0.013523904,0.249040373,0,0,0,0,0
2018/1/15,0.01374172,0.247812663,0,0,0,0,0
2018/1/16,0.013960346,0.246564691,0,0,0,0,0
2018/1/17,0.014179719,0.245296853,0,0,0,0,0
2018/1/18,0.014399775,0.24400955,0,0,0,0,0
2018/1/19,0.014620451,0.242703191,0,0,0,0,0
2018/1/20,0.014841683,0.241378192,0,0,0,0,0
2018/1/21,0.015063408,0.240034971,0,0,0,0,0
2018/1/22,0.015285561,0.238673955,0,0,0,0,0
2018/1/23,0.015508078,0.237295577,0,0,0,0,0
2018/1/24,0.015730896,0.235900274,0,0,0,0,0
2018/1/25,0.015953951,0.234488489,0,0,0,0,0
2018/1/26,0.016177179,0.23306067,0,0,0,0,0
2018/1/27,0.016400517,0.231617271,0,0,0,0,0
2018/1/28,0.0166239,0.23015875,0,0,0,0,0
2018/1/29,0.016847264,0.22868557,0,0,0,0,0
2018/1/30,0.017070547,0.227198201,0,0,0,0,0
2018/1/31,0.017293684,0.225697113,0,0,0,0,0
2018/2/1,0.017516613,0.224182785,0,0,0,0,0
2018/2/2,0.01773927,0.222655697,0,0,0,0,0
2018/2/3,0.017961593,0.221116336,0,0,0,0,0
2018/2/4,0.018183517,0.21956519,0,0,0,0,0
2018/2/5,0.018404982,0.218002752,0,0,0,0,0
2018/2/6,0.018625924,0.21642952,0,0,0,0,0
2018/2/7,0.018846281,0.214845994,0,0,0,0,0
2018/2/8,0.019065991,0.213252677,0,0,0,0,0
2018/2/9,0.019284993,0.211650077,0,0,0,0,0
2018/2/10,0.019503226,0.210038702,0,0,0,0,0
2018/2/11,0.019720628,0.208419066,0,0,0,0,0
2018/2/12,0.019937139,0.206791684,0,0,0,0,0
2018/2/13,0.020152699,0.205157075,0,0,0,0,0
2018/2/14,0.020367247,0.203515757,0,0,0,0,0
2018/2/15,0.020580725,0.201868254,0,0,0,0,0
2018/2/16,0.020793072,0.20021509,0,0,0,0,0
2018/2/17,0.021004231,0.198556791,0,0,0,0,0
2018/2/18,0.021214142,0.196893886,0,0,0,0,0
2018/2/19,0.021422749,0.195226903,0,0,0,0,0
2018/2/20,0.021629994,0.193556374,0,0,0,0,0
2018/2/21,0.02183582,0.191882831,0,0,0,0,0
2018/2/22,0.022040171,0.190206806,0,0,0,0,0
2018/2/23,0.02224299,0.188528834,0,0,0,0,0
2018/2/24,0.022444223,0.18684945,0,0,0,0,0
2018/2/25,0.022643815,0.185169187,0,0,0,0,0
2018/2/26,0.022841712,0.183488582,0,0,0,0,0
2018/2/27,0.02303786,0.181808171,0,0,0,0,0
2018/2/28,0.023232206,0.180128488,0,0,0,0,0
2018/3/1,0.023424698,0.178450069,0,0,0,0,0
2018/3/2,0.023615284,0.176773449,0,0,0,0,0
2018/3/3,0.023803913,0.175099163,0,0,0,0,0
2018/3/4,0.023990535,0.173427745,0,0,0,0,0
2018/3/5,0.0241751,0.171759726,0,0,0,0,0
2018/3/6,0.024357559,0.170095641,0,0,0,0,0
2018/3/7,0.024537863,0.168436018,0,0,0,0,0
2018/3/8,0.024715965,0.166781388,0,0,0,0,0
2018/3/9,0.024891818,0.165132278,0,0,0,0,0
2018/3/10,0.025065376,0.163489214,0,0,0,0,0
2018/3/11,0.025236594,0.161852721,0,0,0,0,0
2018/3/12,0.025405426,0.160223321,0,0,0,0,0
2018/3/13,0.025571829,0.158601534,0,0,0,0,0
2018/3/14,0.02573576,0.156987877,0,0,0,0,0
2018/3/15,0.025897177,0.155382866,0,0,0,0,0
2018/3/16,0.026056038,0.153787012,0,0,0,0,0
2018/3/17,0.026212303,0.152200826,0,0,0,0,0
2018/3/18,0.026365931,0.150624815,0,0,0,0,0
2018/3/19,0.026516884,0.14905948,0,0,0,0,0
2018/3/20,0.026665124,0.147505323,0,0,0,0,0
2018/3/21,0.026810614,0.14596284,0,0,0,0,0
2018/3/22,0.026953317,0.144432523,0,0,0,0,0
2018/3/23,0.027093197,0.142914861,0,0,0,0,0
2018/3/24,0.027230222,0.141410341,0,0,0,0,0
2018/3/25,0.027364355,0.139919441,0,0,0,0,0
2018/3/26,0.027495566,0.13844264,0,0,0,0,0
2018/3/27,0.027623822,0.136980408,0,0,0,0,0
2018/3/28,0.027749093,0.135533214,0,0,0,0,0
2018/3/29,0.027871348,0.134101521,0,0,0,0,0
2018/3/30,0.027990559,0.132685786,0,0,0,0,0
2018/3/31,0.028106697,0.131286462,0,0,0,0,0
2018/4/1,0.028219736,0.129903998,0,0,0,0,0
2018/4/2,0.028329649,0.128538834,0,0,0,0,0
2018/4/3,0.028436411,0.127191409,0,0,0,0,0
2018/4/4,0.028539999,0.125862154,0,0,0,0,0
2018/4/5,0.02864039,0.124551494,0,0,0,0,0
2018/4/6,0.02873756,0.123259849,0,0,0,0,0
2018/4/7,0.028831489,0.121987632,0,0,0,0,0
2018/4/8,0.028922157,0.120735252,0,0,0,0,0
2018/4/9,0.029009545,0.119503109,0,0,0,0,0
2018/4/10,0.029093635,0.118291599,0,0,0,0,0
2018/4/11,0.029174409,0.11710111,0,0,0,0,0
2018/4/12,0.029251852,0.115932023,0,0,0,0,0
2018/4/13,0.029325948,0.114784714,0,0,0,0,0
2018/4/14,0.029396684,0.11365955,0,0,0,0,0
2018/4/15,0.029464047,0.112556893,0,0,0,0,0
2018/4/16,0.029528024,0.111477097,0,0,0,0,0
2018/4/17,0.029588605,0.110420508,0,0,0,0,0
2018/4/18,0.029645781,0.109387466,0,0,0,0,0
2018/4/19,0.029699541,0.108378302,0,0,0,0,0
2018/4/20,0.029749879,0.107393341,0,0,0,0,0
2018/4/21,0.029796787,0.1064329,0,0,0,0,0
2018/4/22,0.02984026,0.105497288,0,0,0,0,0
2018/4/23,0.029880294,0.104586805,0,0,0,0,0
2018/4/24,0.029916884,0.103701745,0,0,0,0,0
2018/4/25,0.029950029,0.102842392,0,0,0,0,0
2018/4/26,0.029979726,0.102009024,0,0,0,0,0
2018/4/27,0.030005975,0.10120191,0,0,0,0,0
2018/4/28,0.030028777,0.100421309,0,0,0,0,0
2018/4/29,0.030048133,0.099667473,0,0,0,0,0
2018/4/30,0.030064045,0.098940646,0,0,0,0,0
2018/5/1,0.030076519,0.098241063,0,0,0,0,0
2018/5/2,0.030085557,0.09756895,0,0,0,0,0
2018/5/3,0.030091166,0.096924524,0,0,0,0,0
2018/5/4,0.030093353,0.096307995,0,0,0,0,0
2018/5/5,0.030092125,0.095719562,0,0,0,0,0
2018/5/6,0.030087491,0.095159415,0,0,0,0,0
2018/5/7,0.03007946,0.094627738,0,0,0,0,0
2018/5/8,0.030068044,0.094124703,0,0,0,0,0
2018/5/9,0.030053255,0.093650474,0,0,0,0,0
2018/5/10,0.030035104,0.093205205,0,0,0,0,0
2018/5/11,0.030013606,0.092789043,0,0,0,0,0
2018/5/12,0.029988776,0.092402123,0,0,0,0,0
2018/5/13,0.029960629,0.092044572,0,0,0,0,0
2018/5/14,0.029929181,0.091716509,0,0,0,0,0
2018/5/15,0.029894451,0.091418041,0,0,0,0,0
2018/5/16,0.029856457,0.091149268,0,0,0,0,0
2018/5/17,0.029815219,0.090910278,0,0,0,0,0
2018/5/18,0.029770756,0.090701152,0,0,0,0,0
2018/5/19,0.029723092,0.090521961,0,0,0,0,0
2018/5/20,0.029672246,0.090372766,0,0,0,0,0
2018/5/21,0.029618244,0.090253617,0,0,0,0,0
2018/5/22,0.02956111,0.090164558,0,0,0,0,0
2018/5/23,0.029500867,0.09010562,0,0,0,0,0
2018/5/24,0.029437543,0.090076826,0,0,0,0,0
2018/5/25,0.029371163,0.09007819,0,0,0,0,0
2018/5/26,0.029301757,0.090109715,0,0,0,0,0
2018/5/27,0.029229351,0.090171396,0,0,0,0,0
2018/5/28,0.029153977,0.090263216,0,0,0,0,0
2018/5/29,0.029075663,0.090385151,0,0,0,0,0
2018/5/30,0.028994442,0.090537166,0,0,0,0,0
2018/5/31,0.028910345,0.090719217,0,0,0,0,0
2018/6/1,0.028823404,0.090931251,0,0,0,0,0
2018/6/2,0.028733653,0.091173203,0,0,0,0,0
2018/6/3,0.028641127,0.091445001,0,0,0,0,0
2018/6/4,0.028545861,0.091746563,0,0,0,0,0
2018/6/5,0.02844789,0.092077797,0,0,0,0,0
2018/6/6,0.028347251,0.092438602,0,0,0,0,0
2018/6/7,0.028243981,0.092828867,0,0,0,0,0
2018/6/8,0.028138118,0.093248473,0,0,0,0,0
2018/6/9,0.028029701,0.093697289,0,0,0,0,0
2018/6/10,0.02791877,0.094175178,0,0,0,0,0
2018/6/11,0.027805364,0.094681991,0,0,0,0,0
2018/6/12,0.027689525,0.095217571,0,0,0,0,0
2018/6/13,0.027571294,0.095781753,0,0,0,0,0
2018/6/14,0.027450712,0.09637436,0,0,0,0,0
2018/6/15,0.027327823,0.096995209,0,0,0,0,0
2018/6/16,0.02720267,0.097644106,0,0,0,0,0
2018/6/17,0.027075296,0.098320849,0,0,0,0,0
2018/6/18,0.026945747,0.099025227,0,0,0,0,0
2018/6/19,0.026814067,0.09975702,0,0,0,0,0
2018/6/20,0.026680302,0.100515998,0,0,0,0,0
2018/6/21,0.026544498,0.101301925,0,0,0,0,0
2018/6/22,0.026406702,0.102114555,0,0,0,0,0
2018/6/23,0.026266961,0.102953633,0,0,0,0,0
2018/6/24,0.026125323,0.103818897,0,0,0,0,0
2018/6/25,0.025981835,0.104710075,0,0,0,0,0
2018/6/26,0.025836547,0.105626888,0,0,0,0,0
2018/6/27,0.025689507,0.106569048,0,0,0,0,0
2018/6/28,0.025540765,0.10753626,0,0,0,0,0
2018/6/29,0.025390371,0.108528219,0,0,0,0,0
2018/6/30,0.025238375,0.109544615,0,0,0,0,0
2018/7/1,0.025084828,0.110585127,0,0,0,0,0
2018/7/2,0.024929781,0.11164943,0,0,0,0,0
2018/7/3,0.024773285,0.112737187,0,0,0,0,0
2018/7/4,0.024615392,0.113848057,0,0,0,0,0
2018/7/5,0.024456153,0.114981691,0,0,0,0,0
2018/7/6,0.024295622,0.116137731,0,0,0,0,0
2018/7/7,0.024133851,0.117315815,0,0,0,0,0
2018/7/8,0.023970892,0.11851557,0,0,0,0,0
2018/7/9,0.023806799,0.119736619,0,0,0,0,0
2018/7/10,0.023641625,0.120978577,0,0,0,0,0
2018/7/11,0.023475424,0.122241053,0,0,0,0,0
2018/7/12,0.023308249,0.12352365,0,0,0,0,0
2018/7/13,0.023140154,0.124825962,0,0,0,0,0
2018/7/14,0.022971194,0.126147579,0,0,0,0,0
2018/7/15,0.022801422,0.127488084,0,0,0,0,0
2018/7/16,0.022630892,0.128847055,0,0,0,0,0
2018/7/17,0.02245966,0.130224062,0,0,0,0,0
2018/7/18,0.02228778,0.131618672,0,0,0,0,0
2018/7/19,0.022115305,0.133030443,0,0,0,0,0
2018/7/20,0.021942292,0.134458931,0,0,0,0,0
2018/7/21,0.021768794,0.135903685,0,0,0,0,0
2018/7/22,0.021594867,0.137364248,0,0,0,0,0
2018/7/23,0.021420564,0.138840159,0,0,0,0,0
2018/7/24,0.021245942,0.140330951,0,0,0,0,0
2018/7/25,0.021071053,0.141836155,0,0,0,0,0
2018/7/26,0.020895953,0.143355294,0,0,0,0,0
2018/7/27,0.020720697,0.144887888,0,0,0,0,0
2018/7/28,0.020545339,0.146433454,0,0,0,0,0
2018/7/29,0.020369933,0.147991501,0,0,0,0,0
2018/7/30,0.020194533,0.149561539,0,0,0,0,0
2018/7/31,0.020019194,0.151143071,0,0,0,0,0
2018/8/1,0.01984397,0.152735596,0,0,0,0,0
2018/8/2,0.019668913,0.154338611,0,0,0,0,0
2018/8/3,0.019494079,0.155951609,0,0,0,0,0
2018/8/4,0.019319519,0.15757408,0,0,0,0,0
2018/8/5,0.019145288,0.159205511,0,0,0,0,0
2018/8/6,0.018971439,0.160845385,0,0,0,0,0
2018/8/7,0.018798023,0.162493183,0,0,0,0,0
2018/8/8,0.018625094,0.164148385,0,0,0,0,0
2018/8/9,0.018452703,0.165810466,0,0,0,0,0
2018/8/10,0.018280903,0.167478901,0,0,0,0,0
2018/8/11,0.018109745,0.16915316,0,0,0,0,0
2018/8/12,0.017939279,0.170832715,0,0,0,0,0
2018/8/13,0.017769558,0.172517033,0,0,0,0,0
2018/8/14,0.017600631,0.174205581,0,0,0,0,0
2018/8/15,0.017432548,0.175897825,0,0,0,0,0
2018/8/16,0.017265359,0.177593228,0,0,0,0,0
2018/8/17,0.017099114,0.179291253,0,0,0,0,0
2018/8/18,0.016933861,0.180991363,0,0,0,0,0
2018/8/19,0.016769649,0.182693019,0,0,0,0,0
2018/8/20,0.016606526,0.184395682,0,0,0,0,0
2018/8/21,0.016444538,0.186098812,0,0,0,0,0
2018/8/22,0.016283734,0.18780187,0,0,0,0,0
2018/8/23,0.01612416,0.189504316,0,0,0,0,0
2018/8/24,0.015965861,0.191205611,0,0,0,0,0
2018/8/25,0.015808883,0.192905215,0,0,0,0,0
2018/8/26,0.015653272,0.194602589,0,0,0,0,0
2018/8/27,0.015499071,0.196297195,0,0,0,0,0
2018/8/28,0.015346325,0.197988497,0,0,0,0,0
2018/8/29,0.015195076,0.199675957,0,0,0,0,0
2018/8/30,0.015045368,0.201359041,0,0,0,0,0
2018/8/31,0.014897242,0.203037214,0,0,0,0,0
2018/9/1,0.01475074,0.204709946,0,0,0,0,0
2018/9/2,0.014605903,0.206376704,0,0,0,0,0
2018/9/3,0.014462771,0.208036961,0,0,0,0,0
2018/9/4,0.014321383,0.209690189,0,0,0,0,0
2018/9/5,0.014181778,0.211335864,0,0,0,0,0
2018/9/6,0.014043995,0.212973464,0,0,0,0,0
2018/9/7,0.013908071,0.214602469,0,0,0,0,0
2018/9/8,0.013774043,0.216222362,0,0,0,0,0
2018/9/9,0.013641946,0.217832629,0,0,0,0,0
2018/9/10,0.013511817,0.219432759,0,0,0,0,0
2018/9/11,0.013383691,0.221022244,0,0,0,0,0
2018/9/12,0.0132576,0.222600579,0,0,0,0,0
2018/9/13,0.013133578,0.224167262,0,0,0,0,0
2018/9/14,0.013011658,0.225721797,0,0,0,0,0
2018/9/15,0.012891872,0.22726369,0,0,0,0,0
2018/9/16,0.012774249,0.228792451,0,0,0,0,0
2018/9/17,0.012658821,0.230307594,0,0,0,0,0
2018/9/18,0.012545617,0.231808638,0,0,0,0,0
2018/9/19,0.012434664,0.233295106,0,0,0,0,0
2018/9/20,0.012325992,0.234766526,0,0,0,0,0
2018/9/21,0.012219627,0.23622243,0,0,0,0,0
2018/9/22,0.012115594,0.237662355,0,0,0,0,0
2018/9/23,0.01201392,0.239085844,0,0,0,0,0
2018/9/24,0.011914629,0.240492444,0,0,0,0,0
2018/9/25,0.011817744,0.241881707,0,0,0,0,0
2018/9/26,0.011723287,0.243253193,0,0,0,0,0
2018/9/27,0.011631282,0.244606464,0,0,0,0,0
2018/9/28,0.011541749,0.245941091,0,0,0,0,0
2018/9/29,0.011454708,0.247256649,0,0,0,0,0
2018/9/30,0.011370179,0.248552719,0,0,0,0,0
2018/10/1,0.01128818,0.249828889,0,0,0,0,0
2018/10/2,0.011208728,0.251084752,0,0,0,0,0
2018/10/3,0.011131841,0.252319909,0,0,0,0,0
2018/10/4,0.011057533,0.253533967,0,0,0,0,0
2018/10/5,0.010985821,0.254726539,0,0,0,0,0
2018/10/6,0.010916718,0.255897246,0,0,0,0,0
2018/10/7,0.010850237,0.257045714,0,0,0,0,0
2018/10/8,0.01078639,0.258171577,0,0,0,0,0
2018/10/9,0.010725189,0.259274477,0,0,0,0,0
2018/10/10,0.010666644,0.260354063,0,0,0,0,0
2018/10/11,0.010610766,0.261409989,0,0,0,0,0
2018/10/12,0.010557561,0.26244192,0,0,0,0,0
2018/10/13,0.010507039,0.263449527,0,0,0,0,0
2018/10/14,0.010459206,0.264432487,0,0,0,0,0
2018/10/15,0.010414068,0.265390487,0,0,0,0,0
2018/10/16,0.01037163,0.266323222,0,0,0,0,0
2018/10/17,0.010331896,0.267230394,0,0,0,0,0
2018/10/18,0.01029487,0.268111712,0,0,0,0,0
2018/10/19,0.010260553,0.268966897,0,0,0,0,0
2018/10/20,0.010228947,0.269795673,0,0,0,0,0
2018/10/21,0.010200053,0.270597777,0,0,0,0,0
2018/10/22,0.010173871,0.271372951,0,0,0,0,0
2018/10/23,0.010150398,0.272120948,0,0,0,0,0
2018/10/24,0.010129633,0.272841528,0,0,0,0,0
2018/10/25,0.010111572,0.273534461,0,0,0,0,0
2018/10/26,0.010096213,0.274199525,0,0,0,0,0
2018/10/27,0.010083549,0.274836506,0,0,0,0,0
2018/10/28,0.010073576,0.2754452,0,0,0,0,0
2018/10/29,0.010066286,0.276025412,0,0,0,0,0
2018/10/30,0.010061672,0.276576955,0,0,0,0,0
2018/10/31,0.010059726,0.277099652,0,0,0,0,0
2018/11/1,0.010060438,0.277593335,0,0,0,0,0
2018/11/2,0.010063799,0.278057845,0,0,0,0,0
2018/11/3,0.010069797,0.278493032,0,0,0,0,0
2018/11/4,0.010078421,0.278898755,0,0,0,0,0
2018/11/5,0.010089657,0.279274884,0,0,0,0,0
2018/11/6,0.010103494,0.279621296,0,0,0,0,0
2018/11/7,0.010119915,0.27993788,0,0,0,0,0
2018/11/8,0.010138906,0.280224531,0,0,0,0,0
2018/11/9,0.010160451,0.280481158,0,0,0,0,0
2018/11/10,0.010184534,0.280707675,0,0,0,0,0
2018/11/11,0.010211136,0.280904008,0,0,0,0,0
2018/11/12,0.010240239,0.281070093,0,0,0,0,0
2018/11/13,0.010271824,0.281205873,0,0,0,0,0
2018/11/14,0.010305872,0.281311304,0,0,0,0,0
2018/11/15,0.01034236,0.281386348,0,0,0,0,0
2018/11/16,0.010381268,0.28143098,0,0,0,0,0
2018/11/17,0.010422574,0.281445183,0,0,0,0,0
2018/11/18,0.010466254,0.281428949,0,0,0,0,0
2018/11/19,0.010512284,0.28138228,0,0,0,0,0
2018/11/20,0.010560641,0.281305189,0,0,0,0,0
2018/11/21,0.010611298,0.281197698,0,0,0,0,0
2018/11/22,0.010664231,0.281059837,0,0,0,0,0
2018/11/23,0.010719411,0.280891647,0,0,0,0,0
2018/11/24,0.010776813,0.280693179,0,0,0,0,0
2018/11/25,0.010836407,0.280464494,0,0,0,0,0
2018/11/26,0.010898165,0.280205659,0,0,0,0,0
2018/11/27,0.010962058,0.279916756,0,0,0,0,0
2018/11/28,0.011028056,0.279597872,0,0,0,0,0
2018/11/29,0.011096128,0.279249106,0,0,0,0,0
2018/11/30,0.011166243,0.278870565,0,0,0,0,0
2018/12/1,0.011238368,0.278462366,0,0,0,0,0
2018/12/2,0.011312472,0.278024637,0,0,0,0,0
2018/12/3,0.011388522,0.277557512,0,0,0,0,0
2018/12/4,0.011466483,0.277061137,0,0,0,0,0
2018/12/5,0.011546322,0.276535667,0,0,0,0,0
2018/12/6,0.011628003,0.275981265,0,0,0,0,0
2018/12/7,0.011711491,0.275398104,0,0,0,0,0
2018/12/8,0.011796751,0.274786365,0,0,0,0,0
2018/12/9,0.011883746,0.274146241,0,0,0,0,0
2018/12/10,0.01197244,0.27347793,0,0,0,0,0
2018/12/11,0.012062794,0.272781642,0,0,0,0,0
2018/12/12,0.012154771,0.272057595,0,0,0,0,0
2018/12/13,0.012248333,0.271306015,0,0,0,0,0
2018/12/14,0.012343441,0.270527137,0,0,0,0,0
2018/12/15,0.012440056,0.269721206,0,0,0,0,0
2018/12/16,0.012538138,0.268888473,0,0,0,0,0
2018/12/17,0.012637647,0.268029201,0,0,0,0,0
2018/12/18,0.012738543,0.267143658,0,0,0,0,0
2018/12/19,0.012840785,0.266232123,0,0,0,0,0
2018/12/20,0.012944332,0.265294881,0,0,0,0,0
2018/12/21,0.013049142,0.264332226,0,0,0,0,0
2018/12/22,0.013155175,0.263344462,0,0,0,0,0
2018/12/23,0.013262386,0.262331897,0,0,0,0,0
2018/12/24,0.013370735,0.26129485,0,0,0,0,0
2018/12/25,0.013480178,0.260233647,0,0,0,0,0
2018/12/26,0.013590673,0.259148622,0,0,0,0,0
2018/12/27,0.013702175,0.258040115,0,0,0,0,0
2018/12/28,0.013814643,0.256908475,0,0,0,0,0
2018/12/29,0.013928031,0.255754057,0,0,0,0,0
2018/12/30,0.014042296,0.254577226,0,0,0,0,0
2018/12/31,0.014157395,0.253378351,0,0,0,0,0
2019/1/1,0.014273282,0.252157809,0,0,0,0,0
2019/1/2,0.014389913,0.250915984,0,0,0,0,0
2019/1/3,0.014507243,0.249653267,0,0,0,0,0
2019/1/4,0.014625229,0.248370056,0,0,0,0,0
2019/1/5,0.014743824,0.247066755,0,0,0,0,0
2019/1/6,0.014862985,0.245743773,0,0,0,0,0
2019/1/7,0.014982665,0.244401528,0,0,0,0,0
2019/1/8,0.01510282,0.243040442,0,0,0,0,0
2019/1/9,0.015223405,0.241660943,0,0,0,0,0
2019/1/10,0.015344374,0.240263467,0,0,0,0,0
2019/1/11,0.015465682,0.238848454,0,0,0,0,0
2019/1/12,0.015587285,0.237416348,0,0,0,0,0
2019/1/13,0.015709136,0.235967603,0,0,0,0,0
2019/1/14,0.01583119,0.234502673,0,0,0,0,0
2019/1/15,0.015953403,0.233022022,0,0,0,0,0
2019/1/16,0.016075729,0.231526114,0,0,0,0,0
2019/1/17,0.016198122,0.230015423,0,0,0,0,0
2019/1/18,0.016320539,0.228490423,0,0,0,0,0
2019/1/19,0.016442935,0.226951597,0,0,0,0,0
2019/1/20,0.016565263,0.225399428,0,0,0,0,0
2019/1/21,0.016687481,0.223834407,0,0,0,0,0
2019/1/22,0.016809543,0.222257027,0,0,0,0,0
2019/1/23,0.016931405,0.220667785,0,0,0,0,0
2019/1/24,0.017053023,0.219067183,0,0,0,0,0
2019/1/25,0.017174352,0.217455725,0,0,0,0,0
2019/1/26,0.01729535,0.215833919,0,0,0,0,0
2019/1/27,0.017415973,0.214202278,0,0,0,0,0
2019/1/28,0.017536177,0.212561316,0,0,0,0,0
2019/1/29,0.017655919,0.21091155,0,0,0,0,0
2019/1/30,0.017775157,0.209253501,0,0,0,0,0
2019/1/31,0.017893848,0.207587692,0,0,0,0,0
2019/2/1,0.01801195,0.205914648,0,0,0,0,0
2019/2/2,0.018129421,0.204234899,0,0,0,0,0
2019/2/3,0.018246219,0.202548972,0,0,0,0,0
2019/2/4,0.018362303,0.200857402,0,0,0,0,0
2019/2/5,0.018477633,0.199160721,0,0,0,0,0
2019/2/6,0.018592167,0.197459465,0,0,0,0,0
2019/2/7,0.018705866,0.19575417,0,0,0,0,0
2019/2/8,0.01881869,0.194045376,0,0,0,0,0
2019/2/9,0.0189306,0.192333621,0,0,0,0,0
2019/2/10,0.019041556,0.190619446,0,0,0,0,0
2019/2/11,0.01915152,0.188903392,0,0,0,0,0
2019/2/12,0.019260454,0.187186001,0,0,0,0,0
2019/2/13,0.019368321,0.185467814,0,0,0,0,0
2019/2/14,0.019475083,0.183749374,0,0,0,0,0
2019/2/15,0.019580703,0.182031224,0,0,0,0,0
2019/2/16,0.019685146,0.180313907,0,0,0,0,0
2019/2/17,0.019788376,0.178597963,0,0,0,0,0
2019/2/18,0.019890358,0.176883936,0,0,0,0,0
2019/2/19,0.019991057,0.175172367,0,0,0,0,0
2019/2/20,0.020090438,0.173463795,0,0,0,0,0
2019/2/21,0.02018847,0.171758761,0,0,0,0,0
2019/2/22,0.020285118,0.170057802,0,0,0,0,0
2019/2/23,0.02038035,0.168361456,0,0,0,0,0
2019/2/24,0.020474134,0.16667026,0,0,0,0,0
2019/2/25,0.02056644,0.164984746,0,0,0,0,0
2019/2/26,0.020657236,0.163305447,0,0,0,0,0
2019/2/27,0.020746492,0.161632894,0,0,0,0,0
2019/2/28,0.02083418,0.159967614,0,0,0,0,0
2019/3/1,0.020920271,0.158310134,0,0,0,0,0
2019/3/2,0.021004736,0.156660978,0,0,0,0,0
2019/3/3,0.021087547,0.155020666,0,0,0,0,0
2019/3/4,0.021168679,0.153389716,0,0,0,0,0
2019/3/5,0.021248105,0.151768644,0,0,0,0,0
2019/3/6,0.0213258,0.150157961,0,0,0,0,0
2019/3/7,0.021401739,0.148558177,0,0,0,0,0
2019/3/8,0.021475897,0.146969797,0,0,0,0,0
2019/3/9,0.021548252,0.145393322,0,0,0,0,0
2019/3/10,0.02161878,0.143829251,0,0,0,0,0
2019/3/11,0.021687461,0.142278078,0,0,0,0,0
2019/3/12,0.021754272,0.140740292,0,0,0,0,0
2019/3/13,0.021819194,0.13921638,0,0,0,0,0
2019/3/14,0.021882206,0.137706824,0,0,0,0,0
2019/3/15,0.021943289,0.136212099,0,0,0,0,0
2019/3/16,0.022002426,0.134732679,0,0,0,0,0
2019/3/17,0.022059598,0.133269031,0,0,0,0,0
2019/3/18,0.02211479,0.131821617,0,0,0,0,0
2019/3/19,0.022167984,0.130390894,0,0,0,0,0
2019/3/20,0.022219166,0.128977315,0,0,0,0,0
2019/3/21,0.022268322,0.127581327,0,0,0,0,0
2019/3/22,0.022315437,0.12620337,0,0,0,0,0
2019/3/23,0.022360499,0.124843879,0,0,0,0,0
2019/3/24,0.022403496,0.123503286,0,0,0,0,0
2019/3/25,0.022444416,0.122182012,0,0,0,0,0
2019/3/26,0.022483249,0.120880476,0,0,0,0,0
2019/3/27,0.022519985,0.119599089,0,0,0,0,0
2019/3/28,0.022554616,0.118338255,0,0,0,0,0
2019/3/29,0.022587132,0.117098374,0,0,0,0,0
2019/3/30,0.022617527,0.115879837,0,0,0,0,0
2019/3/31,0.022645795,0.11468303,0,0,0,0,0
2019/4/1,0.022671929,0.113508329,0,0,0,0,0
2019/4/2,0.022695925,0.112356108,0,0,0,0,0
2019/4/3,0.022717778,0.111226729,0,0,0,0,0
2019/4/4,0.022737485,0.11012055,0,0,0,0,0
2019/4/5,0.022755044,0.10903792,0,0,0,0,0
2019/4/6,0.022770453,0.107979181,0,0,0,0,0
2019/4/7,0.022783711,0.106944669,0,0,0,0,0
2019/4/8,0.022794818,0.10593471,0,0,0,0,0
2019/4/9,0.022803775,0.104949623,0,0,0,0,0
2019/4/10,0.022810583,0.103989719,0,0,0,0,0
2019/4/11,0.022815245,0.103055303,0,0,0,0,0
2019/4/12,0.022817764,0.102146668,0,0,0,0,0
2019/4/13,0.022818143,0.101264104,0,0,0,0,0
2019/4/14,0.022816388,0.100407887,0,0,0,0,0
2019/4/15,0.022812504,0.09957829,0,0,0,0,0
2019/4/16,0.022806498,0.098775574,0,0,0,0,0
2019/4/17,0.022798375,0.097999992,0,0,0,0,0
2019/4/18,0.022788145,0.097251791,0,0,0,0,0
2019/4/19,0.022775817,0.096531206,0,0,0,0,0
2019/4/20,0.022761399,0.095838466,0,0,0,0,0
2019/4/21,0.022744901,0.095173789,0,0,0,0,0
2019/4/22,0.022726335,0.094537385,0,0,0,0,0
2019/4/23,0.022705713,0.093929456,0,0,0,0,0
2019/4/24,0.022683048,0.093350193,0,0,0,0,0
2019/4/25,0.022658351,0.09279978,0,0,0,0,0
2019/4/26,0.022631638,0.092278391,0,0,0,0,0
2019/4/27,0.022602924,0.09178619,0,0,0,0,0
2019/4/28,0.022572223,0.091323333,0,0,0,0,0
2019/4/29,0.022539552,0.090889967,0,0,0,0,0
2019/4/30,0.022504929,0.090486227,0,0,0,0,0
2019/5/1,0.02246837,0.090112243,0,0,0,0,0
2019/5/2,0.022429895,0.089768132,0,0,0,0,0
2019/5/3,0.022389522,0.089454002,0,0,0,0,0
2019/5/4,0.022347271,0.089169954,0,0,0,0,0
2019/5/5,0.022303164,0.088916077,0,0,0,0,0
2019/5/6,0.02225722,0.08869245,0,0,0,0,0
2019/5/7,0.022209462,0.088499146,0,0,0,0,0
2019/5/8,0.022159913,0.088336224,0,0,0,0,0
2019/5/9,0.022108595,0.088203737,0,0,0,0,0
2019/5/10,0.022055533,0.088101726,0,0,0,0,0
2019/5/11,0.022000752,0.088030223,0,0,0,0,0
2019/5/12,0.021944275,0.087989251,0,0,0,0,0
2019/5/13,0.02188613,0.087978823,0,0,0,0,0
2019/5/14,0.021826342,0.087998943,0,0,0,0,0
2019/5/15,0.021764938,0.088049603,0,0,0,0,0
2019/5/16,0.021701946,0.088130788,0,0,0,0,0
2019/5/17,0.021637395,0.088242472,0,0,0,0,0
2019/5/18,0.021571313,0.08838462,0,0,0,0,0
2019/5/19,0.021503728,0.088557187,0,0,0,0,0
2019/5/20,0.021434672,0.088760117,0,0,0,0,0
2019/5/21,0.021364174,0.088993348,0,0,0,0,0
2019/5/22,0.021292266,0.089256805,0,0,0,0,0
2019/5/23,0.021218978,0.089550405,0,0,0,0,0
2019/5/24,0.021144344,0.089874055,0,0,0,0,0
2019/5/25,0.021068394,0.090227653,0,0,0,0,0
2019/5/26,0.020991163,0.090611087,0,0,0,0,0
2019/5/27,0.020912683,0.091024236,0,0,0,0,0
2019/5/28,0.020832988,0.091466969,0,0,0,0,0
2019/5/29,0.020752114,0.091939146,0,0,0,0,0
2019/5/30,0.020670093,0.092440618,0,0,0,0,0
2019/5/31,0.020586962,0.092971226,0,0,0,0,0
2019/6/1,0.020502757,0.093530802,0,0,0,0,0
2019/6/2,0.020417512,0.094119171,0,0,0,0,0
2019/6/3,0.020331265,0.094736144,0,0,0,0,0
2019/6/4,0.020244051,0.095381529,0,0,0,0,0
2019/6/5,0.020155909,0.09605512,0,0,0,0,0
2019/6/6,0.020066876,0.096756704,0,0,0,0,0
2019/6/7,0.019976989,0.097486061,0,0,0,0,0
2019/6/8,0.019886286,0.098242958,0,0,0,0,0
2019/6/9,0.019794806,0.099027158,0,0,0,0,0
2019/6/10,0.019702587,0.099838411,0,0,0,0,0
2019/6/11,0.019609668,0.100676462,0,0,0,0,0
2019/6/12,0.019516089,0.101541046,0,0,0,0,0
2019/6/13,0.019421888,0.102431889,0,0,0,0,0
2019/6/14,0.019327106,0.10334871,0,0,0,0,0
2019/6/15,0.019231782,0.104291219,0,0,0,0,0
2019/6/16,0.019135956,0.105259117,0,0,0,0,0
2019/6/17,0.019039669,0.1062521,0,0,0,0,0
2019/6/18,0.018942961,0.107269853,0,0,0,0,0
2019/6/19,0.018845872,0.108312054,0,0,0,0,0
2019/6/20,0.018748443,0.109378374,0,0,0,0,0
2019/6/21,0.018650716,0.110468477,0,0,0,0,0
2019/6/22,0.01855273,0.111582016,0,0,0,0,0
2019/6/23,0.018454527,0.112718642,0,0,0,0,0
2019/6/24,0.018356149,0.113877993,0,0,0,0,0
2019/6/25,0.018257636,0.115059704,0,0,0,0,0
2019/6/26,0.018159029,0.116263401,0,0,0,0,0
2019/6/27,0.01806037,0.117488705,0,0,0,0,0
2019/6/28,0.0179617,0.118735226,0,0,0,0,0
2019/6/29,0.017863061,0.120002573,0,0,0,0,0
2019/6/30,0.017764494,0.121290343,0,0,0,0,0
2019/7/1,0.017666039,0.12259813,0,0,0,0,0
2019/7/2,0.017567739,0.123925521,0,0,0,0,0
2019/7/3,0.017469635,0.125272097,0,0,0,0,0
2019/7/4,0.017371767,0.126637431,0,0,0,0,0
2019/7/5,0.017274177,0.128021092,0,0,0,0,0
2019/7/6,0.017176906,0.129422643,0,0,0,0,0
2019/7/7,0.017079994,0.130841641,0,0,0,0,0
2019/7/8,0.016983482,0.132277638,0,0,0,0,0
2019/7/9,0.016887411,0.13373018,0,0,0,0,0
2019/7/10,0.016791822,0.135198807,0,0,0,0,0
2019/7/11,0.016696754,0.136683057,0,0,0,0,0
2019/7/12,0.016602247,0.138182459,0,0,0,0,0
2019/7/13,0.016508342,0.13969654,0,0,0,0,0
2019/7/14,0.016415078,0.141224822,0,0,0,0,0
2019/7/15,0.016322495,0.142766821,0,0,0,0,0
2019/7/16,0.016230631,0.144322052,0,0,0,0,0
2019/7/17,0.016139526,0.145890021,0,0,0,0,0
2019/7/18,0.016049218,0.147470234,0,0,0,0,0
2019/7/19,0.015959746,0.149062191,0,0,0,0,0
2019/7/20,0.015871148,0.15066539,0,0,0,0,0
2019/7/21,0.015783461,0.152279324,0,0,0,0,0
2019/7/22,0.015696724,0.153903484,0,0,0,0,0
2019/7/23,0.015610972,0.155537355,0,0,0,0,0
2019/7/24,0.015526243,0.157180423,0,0,0,0,0
2019/7/25,0.015442573,0.158832167,0,0,0,0,0
2019/7/26,0.015359999,0.160492067,0,0,0,0,0
2019/7/27,0.015278555,0.162159597,0,0,0,0,0
2019/7/28,0.015198277,0.163834232,0,0,0,0,0
2019/7/29,0.015119201,0.165515442,0,0,0,0,0
2019/7/30,0.015041359,0.167202696,0,0,0,0,0
2019/7/31,0.014964786,0.168895462,0,0,0,0,0
2019/8/1,0.014889516,0.170593204,0,0,0,0,0
2019/8/2,0.014815581,0.172295387,0,0,0,0,0
2019/8/3,0.014743014,0.174001472,0,0,0,0,0
2019/8/4,0.014671847,0.175710922,0,0,0,0,0
2019/8/5,0.014602111,0.177423197,0,0,0,0,0
2019/8/6,0.014533838,0.179137755,0,0,0,0,0
2019/8/7,0.014467057,0.180854055,0,0,0,0,0
2019/8/8,0.0144018,0.182571555,0,0,0,0,0
2019/8/9,0.014338094,0.184289714,0,0,0,0,0
2019/8/10,0.014275969,0.186007988,0,0,0,0,0
2019/8/11,0.014215454,0.187725835,0,0,0,0,0
2019/8/12,0.014156575,0.189442713,0,0,0,0,0
2019/8/13,0.01409936,0.191158079,0,0,0,0,0
2019/8/14,0.014043835,0.192871393,0,0,0,0,0
2019/8/15,0.013990027,0.194582113,0,0,0,0,0
2019/8/16,0.013937959,0.1962897,0,0,0,0,0
2019/8/17,0.013887658,0.197993614,0,0,0,0,0
2019/8/18,0.013839146,0.199693317,0,0,0,0,0
2019/8/19,0.013792447,0.201388274,0,0,0,0,0
2019/8/20,0.013747584,0.203077948,0,0,0,0,0
2019/8/21,0.013704579,0.204761808,0,0,0,0,0
2019/8/22,0.013663452,0.206439322,0,0,0,0,0
2019/8/23,0.013624225,0.208109959,0,0,0,0,0
2019/8/24,0.013586917,0.209773194,0,0,0,0,0
2019/8/25,0.013551548,0.211428501,0,0,0,0,0
2019/8/26,0.013518136,0.213075358,0,0,0,0,0
2019/8/27,0.013486699,0.214713246,0,0,0,0,0
2019/8/28,0.013457254,0.216341647,0,0,0,0,0
2019/8/29,0.013429817,0.217960049,0,0,0,0,0
2019/8/30,0.013404403,0.21956794,0,0,0,0,0
2019/8/31,0.013381028,0.221164814,0,0,0,0,0
2019/9/1,0.013359706,0.222750167,0,0,0,0,0
2019/9/2,0.013340451,0.224323499,0,0,0,0,0
2019/9/3,0.013323273,0.225884314,0,0,0,0,0
2019/9/4,0.013308186,0.227432119,0,0,0,0,0
2019/9/5,0.013295201,0.228966427,0,0,0,0,0
2019/9/6,0.013284328,0.230486754,0,0,0,0,0
2019/9/7,0.013275575,0.231992621,0,0,0,0,0
2019/9/8,0.013268953,0.233483553,0,0,0,0,0
2019/9/9,0.013264469,0.23495908,0,0,0,0,0
2019/9/10,0.013262129,0.236418737,0,0,0,0,0
2019/9/11,0.013261942,0.237862064,0,0,0,0,0
2019/9/12,0.013263911,0.239288607,0,0,0,0,0
2019/9/13,0.013268041,0.240697915,0,0,0,0,0
2019/9/14,0.013274338,0.242089545,0,0,0,0,0
2019/9/15,0.013282803,0.243463059,0,0,0,0,0
2019/9/16,0.01329344,0.244818024,0,0,0,0,0
2019/9/17,0.013306249,0.246154012,0,0,0,0,0
2019/9/18,0.013321231,0.247470605,0,0,0,0,0
2019/9/19,0.013338387,0.248767386,0,0,0,0,0
2019/9/20,0.013357716,0.250043948,0,0,0,0,0
2019/9/21,0.013379215,0.251299889,0,0,0,0,0
2019/9/22,0.013402882,0.252534813,0,0,0,0,0
2019/9/23,0.013428714,0.253748332,0,0,0,0,0
2019/9/24,0.013456707,0.254940065,0,0,0,0,0
2019/9/25,0.013486856,0.256109635,0,0,0,0,0
2019/9/26,0.013519154,0.257256676,0,0,0,0,0
2019/9/27,0.013553597,0.258380827,0,0,0,0,0
2019/9/28,0.013590175,0.259481734,0,0,0,0,0
2019/9/29,0.013628881,0.260559051,0,0,0,0,0
2019/9/30,0.013669706,0.26161244,0,0,0,0,0
2019/10/1,0.013712641,0.262641569,0,0,0,0,0
2019/10/2,0.013757673,0.263646115,0,0,0,0,0
2019/10/3,0.013804794,0.264625763,0,0,0,0,0
2019/10/4,0.013853989,0.265580205,0,0,0,0,0
2019/10/5,0.013905246,0.266509141,0,0,0,0,0
2019/10/6,0.013958551,0.267412281,0,0,0,0,0
2019/10/7,0.014013891,0.268289339,0,0,0,0,0
2019/10/8,0.014071248,0.269140043,0,0,0,0,0
2019/10/9,0.014130609,0.269964124,0,0,0,0,0
2019/10/10,0.014191954,0.270761325,0,0,0,0,0
2019/10/11,0.014255268,0.271531395,0,0,0,0,0
2019/10/12,0.014320531,0.272274094,0,0,0,0,0
2019/10/13,0.014387725,0.272989189,0,0,0,0,0
2019/10/14,0.014456829,0.273676456,0,0,0,0,0
2019/10/15,0.014527824,0.274335681,0,0,0,0,0
2019/10/16,0.014600687,0.274966657,0,0,0,0,0
2019/10/17,0.014675396,0.275569188,0,0,0,0,0
2019/10/18,0.014751929,0.276143084,0,0,0,0,0
2019/10/19,0.014830263,0.276688169,0,0,0,0,0
2019/10/20,0.014910372,0.27720427,0,0,0,0,0
2019/10/21,0.014992233,0.277691229,0,0,0,0,0
2019/10/22,0.015075819,0.278148893,0,0,0,0,0
2019/10/23,0.015161105,0.27857712,0,0,0,0,0
2019/10/24,0.015248063,0.278975777,0,0,0,0,0
2019/10/25,0.015336665,0.279344742,0,0,0,0,0
2019/10/26,0.015426884,0.279683899,0,0,0,0,0
2019/10/27,0.01551869,0.279993145,0,0,0,0,0
2019/10/28,0.015612054,0.280272384,0,0,0,0,0
2019/10/29,0.015706946,0.280521531,0,0,0,0,0
2019/10/30,0.015803335,0.28074051,0,0,0,0,0
2019/10/31,0.015901188,0.280929253,0,0,0,0,0
2019/11/1,0.016000476,0.281087704,0,0,0,0,0
2019/11/2,0.016101164,0.281215816,0,0,0,0,0
2019/11/3,0.016203219,0.281313551,0,0,0,0,0
2019/11/4,0.016306608,0.281380881,0,0,0,0,0
2019/11/5,0.016411297,0.281417787,0,0,0,0,0
2019/11/6,0.01651725,0.281424261,0,0,0,0,0
2019/11/7,0.016624432,0.281400303,0,0,0,0,0
2019/11/8,0.016732808,0.281345923,0,0,0,0,0
2019/11/9,0.01684234,0.281261142,0,0,0,0,0
2019/11/10,0.016952992,0.28114599,0,0,0,0,0
2019/11/11,0.017064726,0.281000505,0,0,0,0,0
2019/11/12,0.017177505,0.280824736,0,0,0,0,0
2019/11/13,0.01729129,0.280618742,0,0,0,0,0
2019/11/14,0.017406042,0.280382592,0,0,0,0,0
2019/11/15,0.017521722,0.280116361,0,0,0,0,0
2019/11/16,0.01763829,0.279820139,0,0,0,0,0
2019/11/17,0.017755706,0.27949402,0,0,0,0,0
2019/11/18,0.01787393,0.279138112,0,0,0,0,0
2019/11/19,0.017992921,0.27875253,0,0,0,0,0
2019/11/20,0.018112638,0.278337397,0,0,0,0,0
2019/11/21,0.018233038,0.27789285,0,0,0,0,0
2019/11/22,0.018354081,0.277419031,0,0,0,0,0
2019/11/23,0.018475723,0.276916093,0,0,0,0,0
2019/11/24,0.018597922,0.276384198,0,0,0,0,0
2019/11/25,0.018720636,0.275823517,0,0,0,0,0
2019/11/26,0.01884382,0.27523423,0,0,0,0,0
2019/11/27,0.018967433,0.274616527,0,0,0,0,0
2019/11/28,0.019091429,0.273970606,0,0,0,0,0
2019/11/29,0.019215765,0.273296673,0,0,0,0,0
2019/11/30,0.019340397,0.272594946,0,0,0,0,0
2019/12/1,0.01946528,0.271865649,0,0,0,0,0
2019/12/2,0.01959037,0.271109016,0,0,0,0,0
2019/12/3,0.019715622,0.270325288,0,0,0,0,0
2019/12/4,0.019840991,0.269514717,0,0,0,0,0
2019/12/5,0.019966432,0.268677561,0,0,0,0,0
2019/12/6,0.0200919,0.267814088,0,0,0,0,0
2019/12/7,0.020217349,0.266924575,0,0,0,0,0
2019/12/8,0.020342734,0.266009306,0,0,0,0,0
2019/12/9,0.020468009,0.265068572,0,0,0,0,0
2019/12/10,0.020593129,0.264102674,0,0,0,0,0
2019/12/11,0.020718049,0.26311192,0,0,0,0,0
2019/12/12,0.020842721,0.262096628,0,0,0,0,0
2019/12/13,0.020967101,0.261057119,0,0,0,0,0
2019/12/14,0.021091143,0.259993727,0,0,0,0,0
2019/12/15,0.021214801,0.25890679,0,0,0,0,0
2019/12/16,0.02133803,0.257796654,0,0,0,0,0
2019/12/17,0.021460782,0.256663674,0,0,0,0,0
2019/12/18,0.021583014,0.25550821,0,0,0,0,0
2019/12/19,0.021704679,0.254330631,0,0,0,0,0
2019/12/20,0.021825732,0.253131312,0,0,0,0,0
2019/12/21,0.021946127,0.251910635,0,0,0,0,0
2019/12/22,0.02206582,0.250668988,0,0,0,0,0
2019/12/23,0.022184764,0.249406767,0,0,0,0,0
2019/12/24,0.022302915,0.248124374,0,0,0,0,0
2019/12/25,0.022420228,0.246822216,0,0,0,0,0
2019/12/26,0.022536659,0.245500708,0,0,0,0,0
2019/12/27,0.022652162,0.244160271,0,0,0,0,0
2019/12/28,0.022766694,0.242801332,0,0,0,0,0
2019/12/29,0.02288021,0.241424322,0,0,0,0,0
2019/12/30,0.022992666,0.240029679,0,0,0,0,0
2019/12/31,0.02310402,0.238617847,0,0,0,0,0
2020/1/1,0.023214227,0.237189275,0,0,0,0,0
2020/1/2,0.023323245,0.235744416,0,0,0,0,0
2020/1/3,0.023431031,0.234283732,0,0,0,0,0
2020/1/4,0.023537542,0.232807685,0,0,0,0,0
2020/1/5,0.023642737,0.231316745,0,0,0,0,0
2020/1/6,0.023746573,0.229811385,0,0,0,0,0
2020/1/7,0.023849009,0.228292084,0,0,0,0,0
2020/1/8,0.023950005,0.226759325,0,0,0,0,0
2020/1/9,0.024049519,0.225213595,0,0,0,0,0
2020/1/10,0.024147512,0.223655384,0,0,0,0,0
2020/1/11,0.024243943,0.222085188,0,0,0,0,0
2020/1/12,0.024338773,0.220503505,0,0,0,0,0
2020/1/13,0.024431963,0.218910837,0,0,0,0,0
2020/1/14,0.024523476,0.217307691,0,0,0,0,0
2020/1/15,0.024613271,0.215694575,0,0,0,0,0
2020/1/16,0.024701314,0.214072001,0,0,0,0,0
2020/1/17,0.024787565,0.212440484,0,0,0,0,0
2020/1/18,0.024871989,0.210800543,0,0,0,0,0
2020/1/19,0.02495455,0.209152697,0,0,0,0,0
2020/1/20,0.025035212,0.207497469,0,0,0,0,0
2020/1/21,0.02511394,0.205835386,0,0,0,0,0
2020/1/22,0.0251907,0.204166973,0,0,0,0,0
2020/1/23,0.025265459,0.202492761,0,0,0,0,0
2020/1/24,0.025338183,0.200813281,0,0,0,0,0
2020/1/25,0.02540884,0.199129064,0,0,0,0,0
2020/1/26,0.025477397,0.197440646,0,0,0,0,0
2020/1/27,0.025543823,0.195748562,0,0,0,0,0
2020/1/28,0.025608089,0.194053348,0,0,0,0,0
2020/1/29,0.025670163,0.192355543,0,0,0,0,0
2020/1/30,0.025730016,0.190655683,0,0,0,0,0
2020/1/31,0.02578762,0.188954308,0,0,0,0,0
2020/2/1,0.025842946,0.187251958,0,0,0,0,0
2020/2/2,0.025895968,0.185549172,0,0,0,0,0
2020/2/3,0.025946659,0.183846489,0,0,0,0,0
2020/2/4,0.025994993,0.182144449,0,0,0,0,0
2020/2/5,0.026040944,0.180443592,0,0,0,0,0
2020/2/6,0.026084488,0.178744456,0,0,0,0,0
2020/2/7,0.026125603,0.17704758,0,0,0,0,0
2020/2/8,0.026164263,0.175353502,0,0,0,0,0
2020/2/9,0.026200449,0.173662756,0,0,0,0,0
2020/2/10,0.026234137,0.171975881,0,0,0,0,0
2020/2/11,0.026265308,0.170293408,0,0,0,0,0
2020/2/12,0.026293941,0.168615872,0,0,0,0,0
2020/2/13,0.026320018,0.166943804,0,0,0,0,0
2020/2/14,0.026343521,0.165277732,0,0,0,0,0
2020/2/15,0.026364431,0.163618184,0,0,0,0,0
2020/2/16,0.026382733,0.161965685,0,0,0,0,0
2020/2/17,0.026398411,0.160320759,0,0,0,0,0
2020/2/18,0.026411449,0.158683926,0,0,0,0,0
2020/2/19,0.026421833,0.157055704,0,0,0,0,0
2020/2/20,0.026429552,0.155436608,0,0,0,0,0
2020/2/21,0.026434591,0.15382715,0,0,0,0,0
2020/2/22,0.026436939,0.152227839,0,0,0,0,0
2020/2/23,0.026436586,0.150639181,0,0,0,0,0
2020/2/24,0.026433522,0.149061679,0,0,0,0,0
2020/2/25,0.026427738,0.147495831,0,0,0,0,0
2020/2/26,0.026419227,0.145942133,0,0,0,0,0
2020/2/27,0.026407979,0.144401075,0,0,0,0,0
2020/2/28,0.026393991,0.142873145,0,0,0,0,0
2020/2/29,0.026377255,0.141358825,0,0,0,0,0
2020/3/1,0.026357768,0.139858594,0,0,0,0,0
2020/3/2,0.026335526,0.138372926,0,0,0,0,0
2020/3/3,0.026310527,0.13690229,0,0,0,0,0
2020/3/4,0.026282768,0.135447152,0,0,0,0,0
2020/3/5,0.026252248,0.134007969,0,0,0,0,0
2020/3/6,0.026218968,0.132585198,0,0,0,0,0
2020/3/7,0.026182929,0.131179286,0,0,0,0,0
2020/3/8,0.026144132,0.129790678,0,0,0,0,0
2020/3/9,0.02610258,0.128419812,0,0,0,0,0
2020/3/10,0.026058277,0.127067121,0,0,0,0,0
2020/3/11,0.026011228,0.125733031,0,0,0,0,0
2020/3/12,0.025961437,0.124417963,0,0,0,0,0
2020/3/13,0.025908911,0.123122333,0,0,0,0,0
2020/3/14,0.025853659,0.121846547,0,0,0,0,0
2020/3/15,0.025795686,0.120591009,0,0,0,0,0
2020/3/16,0.025735004,0.119356115,0,0,0,0,0
2020/3/17,0.025671622,0.118142253,0,0,0,0,0
2020/3/18,0.025605551,0.116949806,0,0,0,0,0
2020/3/19,0.025536803,0.115779149,0,0,0,0,0
2020/3/20,0.02546539,0.114630651,0,0,0,0,0
2020/3/21,0.025391327,0.113504674,0,0,0,0,0
2020/3/22,0.025314627,0.112401572,0,0,0,0,0
2020/3/23,0.025235307,0.111321691,0,0,0,0,0
2020/3/24,0.025153382,0.110265373,0,0,0,0,0
2020/3/25,0.02506887,0.109232948,0,0,0,0,0
2020/3/26,0.02498179,0.108224741,0,0,0,0,0
2020/3/27,0.024892159,0.107241069,0,0,0,0,0
2020/3/28,0.024799999,0.106282241,0,0,0,0,0
2020/3/29,0.024705329,0.105348559,0,0,0,0,0
2020/3/30,0.024608172,0.104440314,0,0,0,0,0
2020/3/31,0.02450855,0.103557793,0,0,0,0,0
2020/4/1,0.024406486,0.102701271,0,0,0,0,0
2020/4/2,0.024302004,0.101871017,0,0,0,0,0
2020/4/3,0.024195131,0.101067291,0,0,0,0,0
2020/4/4,0.02408589,0.100290346,0,0,0,0,0
2020/4/5,0.02397431,0.099540423,0,0,0,0,0
2020/4/6,0.023860418,0.098817757,0,0,0,0,0
2020/4/7,0.023744241,0.098122575,0,0,0,0,0
2020/4/8,0.023625811,0.097455093,0,0,0,0,0
2020/4/9,0.023505155,0.096815519,0,0,0,0,0
2020/4/10,0.023382306,0.096204053,0,0,0,0,0
2020/4/11,0.023257294,0.095620886,0,0,0,0,0
2020/4/12,0.023130152,0.095066197,0,0,0,0,0
2020/4/13,0.023000913,0.094540161,0,0,0,0,0
2020/4/14,0.022869612,0.094042939,0,0,0,0,0
2020/4/15,0.022736281,0.093574687,0,0,0,0,0
2020/4/16,0.022600958,0.093135548,0,0,0,0,0
2020/4/17,0.022463678,0.092725659,0,0,0,0,0
2020/4/18,0.022324478,0.092345145,0,0,0,0,0
2020/4/19,0.022183395,0.091994124,0,0,0,0,0
2020/4/20,0.022040468,0.091672703,0,0,0,0,0
2020/4/21,0.021895735,0.091380979,0,0,0,0,0
2020/4/22,0.021749236,0.091119043,0,0,0,0,0
2020/4/23,0.021601012,0.090886972,0,0,0,0,0
2020/4/24,0.021451102,0.090684837,0,0,0,0,0
2020/4/25,0.02129955,0.090512697,0,0,0,0,0
2020/4/26,0.021146396,0.090370604,0,0,0,0,0
2020/4/27,0.020991684,0.090258597,0,0,0,0,0
2020/4/28,0.020835457,0.09017671,0,0,0,0,0
2020/4/29,0.02067776,0.090124964,0,0,0,0,0
2020/4/30,0.020518635,0.09010337,0,0,0,0,0
2020/5/1,0.02035813,0.090111932,0,0,0,0,0
2020/5/2,0.020196289,0.090150643,0,0,0,0,0
2020/5/3,0.020033159,0.090219487,0,0,0,0,0
2020/5/4,0.019868786,0.090318437,0,0,0,0,0
2020/5/5,0.019703217,0.090447458,0,0,0,0,0
2020/5/6,0.019536501,0.090606505,0,0,0,0,0
2020/5/7,0.019368686,0.090795523,0,0,0,0,0
2020/5/8,0.019199819,0.091014448,0,0,0,0,0
2020/5/9,0.019029952,0.091263207,0,0,0,0,0
2020/5/10,0.018859132,0.091541715,0,0,0,0,0
2020/5/11,0.01868741,0.091849881,0,0,0,0,0
2020/5/12,0.018514837,0.092187603,0,0,0,0,0
2020/5/13,0.018341463,0.092554769,0,0,0,0,0
2020/5/14,0.01816734,0.092951258,0,0,0,0,0
2020/5/15,0.017992519,0.093376941,0,0,0,0,0
2020/5/16,0.017817052,0.093831678,0,0,0,0,0
2020/5/17,0.01764099,0.09431532,0,0,0,0,0
2020/5/18,0.017464388,0.094827709,0,0,0,0,0
2020/5/19,0.017287297,0.09536868,0,0,0,0,0
2020/5/20,0.017109771,0.095938055,0,0,0,0,0
2020/5/21,0.016931863,0.096535651,0,0,0,0,0
2020/5/22,0.016753627,0.097161273,0,0,0,0,0
2020/5/23,0.016575117,0.097814718,0,0,0,0,0
2020/5/24,0.016396386,0.098495774,0,0,0,0,0
2020/5/25,0.01621749,0.099204222,0,0,0,0,0
2020/5/26,0.016038481,0.099939832,0,0,0,0,0
2020/5/27,0.015859417,0.100702367,0,0,0,0,0
2020/5/28,0.01568035,0.10149158,0,0,0,0,0
2020/5/29,0.015501336,0.102307217,0,0,0,0,0
2020/5/30,0.01532243,0.103149015,0,0,0,0,0
2020/5/31,0.015143687,0.104016702,0,0,0,0,0
2020/6/1,0.014965162,0.104909999,0,0,0,0,0
2020/6/2,0.014786912,0.105828618,0,0,0,0,0
2020/6/3,0.01460899,0.106772263,0,0,0,0,0
2020/6/4,0.014431452,0.107740631,0,0,0,0,0
2020/6/5,0.014254354,0.108733411,0,0,0,0,0
2020/6/6,0.014077752,0.109750283,0,0,0,0,0
2020/6/7,0.0139017,0.11079092,0,0,0,0,0
2020/6/8,0.013726253,0.111854988,0,0,0,0,0
2020/6/9,0.013551468,0.112942145,0,0,0,0,0
2020/6/10,0.013377398,0.114052043,0,0,0,0,0
2020/6/11,0.0132041,0.115184325,0,0,0,0,0
2020/6/12,0.013031628,0.116338627,0,0,0,0,0
2020/6/13,0.012860038,0.117514579,0,0,0,0,0
2020/6/14,0.012689383,0.118711805,0,0,0,0,0
2020/6/15,0.012519718,0.11992992,0,0,0,0,0
2020/6/16,0.012351098,0.121168534,0,0,0,0,0
2020/6/17,0.012183577,0.122427249,0,0,0,0,0
2020/6/18,0.012017209,0.123705663,0,0,0,0,0
2020/6/19,0.011852047,0.125003365,0,0,0,0,0
2020/6/20,0.011688145,0.126319941,0,0,0,0,0
2020/6/21,0.011525556,0.127654968,0,0,0,0,0
2020/6/22,0.011364334,0.129008019,0,0,0,0,0
2020/6/23,0.01120453,0.130378661,0,0,0,0,0
2020/6/24,0.011046197,0.131766456,0,0,0,0,0
2020/6/25,0.010889387,0.133170958,0,0,0,0,0
2020/6/26,0.010734151,0.134591719,0,0,0,0,0
2020/6/27,0.010580541,0.136028285,0,0,0,0,0
2020/6/28,0.010428608,0.137480195,0,0,0,0,0
2020/6/29,0.010278402,0.138946985,0,0,0,0,0
2020/6/30,0.010129973,0.140428187,0,0,0,0,0
2020/7/1,0.00998337,0.141923326,0,0,0,0,0
2020/7/2,0.009838644,0.143431926,0,0,0,0,0
2020/7/3,0.009695842,0.144953503,0,0,0,0,0
2020/7/4,0.009555013,0.146487571,0,0,0,0,0
2020/7/5,0.009416204,0.148033641,0,0,0,0,0
2020/7/6,0.009279463,0.149591217,0,0,0,0,0
2020/7/7,0.009144837,0.151159804,0,0,0,0,0
2020/7/8,0.00901237,0.152738899,0,0,0,0,0
2020/7/9,0.00888211,0.154327998,0,0,0,0,0
2020/7/10,0.008754101,0.155926594,0,0,0,0,0
2020/7/11,0.008628387,0.157534177,0,0,0,0,0
2020/7/12,0.008505012,0.159150232,0,0,0,0,0
2020/7/13,0.00838402,0.160774245,0,0,0,0,0
2020/7/14,0.008265452,0.162405697,0,0,0,0,0
2020/7/15,0.008149352,0.164044067,0,0,0,0,0
2020/7/16,0.008035759,0.165688832,0,0,0,0,0
2020/7/17,0.007924714,0.167339468,0,0,0,0,0
2020/7/18,0.007816258,0.168995448,0,0,0,0,0
2020/7/19,0.00771043,0.170656243,0,0,0,0,0
2020/7/20,0.007607267,0.172321325,0,0,0,0,0
2020/7/21,0.007506809,0.173990161,0,0,0,0,0
2020/7/22,0.00740909,0.175662219,0,0,0,0,0
2020/7/23,0.007314149,0.177336967,0,0,0,0,0
2020/7/24,0.00722202,0.179013871,0,0,0,0,0
2020/7/25,0.007132738,0.180692395,0,0,0,0,0
2020/7/26,0.007046336,0.182372005,0,0,0,0,0
2020/7/27,0.006962849,0.184052165,0,0,0,0,0
2020/7/28,0.006882307,0.185732339,0,0,0,0,0
2020/7/29,0.006804744,0.187411993,0,0,0,0,0
2020/7/30,0.006730188,0.189090592,0,0,0,0,0
2020/7/31,0.00665867,0.190767599,0,0,0,0,0
2020/8/1,0.006590219,0.192442481,0,0,0,0,0
2020/8/2,0.006524862,0.194114705,0,0,0,0,0
2020/8/3,0.006462628,0.195783738,0,0,0,0,0
2020/8/4,0.006403541,0.197449047,0,0,0,0,0
2020/8/5,0.006347628,0.199110104,0,0,0,0,0
2020/8/6,0.006294913,0.200766378,0,0,0,0,0
2020/8/7,0.006245419,0.202417342,0,0,0,0,0
2020/8/8,0.00619917,0.204062472,0,0,0,0,0
2020/8/9,0.006156185,0.205701242,0,0,0,0,0
2020/8/10,0.006116488,0.207333133,0,0,0,0,0
2020/8/11,0.006080096,0.208957623,0,0,0,0,0
2020/8/12,0.006047029,0.210574196,0,0,0,0,0
2020/8/13,0.006017305,0.212182338,0,0,0,0,0
2020/8/14,0.00599094,0.213781537,0,0,0,0,0
2020/8/15,0.005967951,0.215371284,0,0,0,0,0
2020/8/16,0.005948353,0.216951074,0,0,0,0,0
2020/8/17,0.005932158,0.218520404,0,0,0,0,0
2020/8/18,0.005919381,0.220078775,0,0,0,0,0
2020/8/19,0.005910033,0.221625691,0,0,0,0,0
2020/8/20,0.005904125,0.22316066,0,0,0,0,0
2020/8/21,0.005901667,0.224683195,0,0,0,0,0
2020/8/22,0.005902668,0.226192811,0,0,0,0,0
2020/8/23,0.005907135,0.227689029,0,0,0,0,0
2020/8/24,0.005915076,0.229171373,0,0,0,0,0
2020/8/25,0.005926496,0.230639372,0,0,0,0,0
2020/8/26,0.0059414,0.23209256,0,0,0,0,0
2020/8/27,0.005959792,0.233530474,0,0,0,0,0
2020/8/28,0.005981674,0.234952659,0,0,0,0,0
2020/8/29,0.006007048,0.236358662,0,0,0,0,0
2020/8/30,0.006035915,0.237748036,0,0,0,0,0
2020/8/31,0.006068274,0.239120342,0,0,0,0,0
2020/9/1,0.006104123,0.240475142,0,0,0,0,0
2020/9/2,0.006143461,0.241812007,0,0,0,0,0
2020/9/3,0.006186283,0.243130513,0,0,0,0,0
2020/9/4,0.006232586,0.244430242,0,0,0,0,0
2020/9/5,0.006282363,0.24571078,0,0,0,0,0
2020/9/6,0.006335607,0.246971721,0,0,0,0,0
2020/9/7,0.006392311,0.248212666,0,0,0,0,0
2020/9/8,0.006452465,0.249433222,0,0,0,0,0
2020/9/9,0.006516061,0.250633,0,0,0,0,0
2020/9/10,0.006583087,0.251811621,0,0,0,0,0
2020/9/11,0.006653531,0.252968711,0,0,0,0,0
2020/9/12,0.006727381,0.254103904,0,0,0,0,0
2020/9/13,0.006804621,0.25521684,0,0,0,0,0
2020/9/14,0.006885237,0.256307166,0,0,0,0,0
2020/9/15,0.006969213,0.257374537,0,0,0,0,0
2020/9/16,0.007056532,0.258418616,0,0,0,0,0
2020/9/17,0.007147176,0.259439071,0,0,0,0,0
2020/9/18,0.007241125,0.26043558,0,0,0,0,0
2020/9/19,0.007338359,0.261407827,0,0,0,0,0
2020/9/20,0.007438857,0.262355506,0,0,0,0,0
2020/9/21,0.007542596,0.263278316,0,0,0,0,0
2020/9/22,0.007649554,0.264175966,0,0,0,0,0
2020/9/23,0.007759707,0.265048172,0,0,0,0,0
2020/9/24,0.007873028,0.265894659,0,0,0,0,0
2020/9/25,0.007989492,0.266715159,0,0,0,0,0
2020/9/26,0.008109072,0.267509414,0,0,0,0,0
2020/9/27,0.008231739,0.268277174,0,0,0,0,0
2020/9/28,0.008357464,0.269018195,0,0,0,0,0
2020/9/29,0.008486218,0.269732245,0,0,0,0,0
2020/9/30,0.008617969,0.270419098,0,0,0,0,0
2020/10/1,0.008752685,0.271078539,0,0,0,0,0
2020/10/2,0.008890334,0.27171036,0,0,0,0,0
2020/10/3,0.009030881,0.272314363,0,0,0,0,0
2020/10/4,0.009174291,0.272890357,0,0,0,0,0
2020/10/5,0.00932053,0.273438162,0,0,0,0,0
2020/10/6,0.00946956,0.273957607,0,0,0,0,0
2020/10/7,0.009621345,0.274448528,0,0,0,0,0
2020/10/8,0.009775845,0.274910772,0,0,0,0,0
2020/10/9,0.009933022,0.275344195,0,0,0,0,0
2020/10/10,0.010092836,0.275748661,0,0,0,0,0
2020/10/11,0.010255245,0.276124045,0,0,0,0,0
2020/10/12,0.010420208,0.276470229,0,0,0,0,0
2020/10/13,0.010587683,0.276787107,0,0,0,0,0
2020/10/14,0.010757625,0.27707458,0,0,0,0,0
2020/10/15,0.010929992,0.277332561,0,0,0,0,0
2020/10/16,0.011104738,0.277560969,0,0,0,0,0
2020/10/17,0.011281817,0.277759735,0,0,0,0,0
2020/10/18,0.011461183,0.277928799,0,0,0,0,0
2020/10/19,0.011642788,0.27806811,0,0,0,0,0
2020/10/20,0.011826585,0.278177627,0,0,0,0,0
2020/10/21,0.012012526,0.278257318,0,0,0,0,0
2020/10/22,0.01220056,0.27830716,0,0,0,0,0
2020/10/23,0.012390637,0.278327142,0,0,0,0,0
2020/10/24,0.012582707,0.278317259,0,0,0,0,0
2020/10/25,0.012776719,0.278277519,0,0,0,0,0
2020/10/26,0.01297262,0.278207936,0,0,0,0,0
2020/10/27,0.013170358,0.278108537,0,0,0,0,0
2020/10/28,0.013369878,0.277979357,0,0,0,0,0
2020/10/29,0.013571129,0.277820439,0,0,0,0,0
2020/10/30,0.013774054,0.277631838,0,0,0,0,0
2020/10/31,0.013978599,0.277413617,0,0,0,0,0
2020/11/1,0.014184707,0.277165848,0,0,0,0,0
2020/11/2,0.014392324,0.276888615,0,0,0,0,0
2020/11/3,0.014601392,0.276582009,0,0,0,0,0
2020/11/4,0.014811854,0.27624613,0,0,0,0,0
2020/11/5,0.015023652,0.27588109,0,0,0,0,0
2020/11/6,0.015236728,0.275487007,0,0,0,0,0
2020/11/7,0.015451023,0.275064011,0,0,0,0,0
2020/11/8,0.015666478,0.27461224,0,0,0,0,0
2020/11/9,0.015883034,0.274131841,0,0,0,0,0
2020/11/10,0.016100631,0.27362297,0,0,0,0,0
2020/11/11,0.016319208,0.273085793,0,0,0,0,0
2020/11/12,0.016538705,0.272520485,0,0,0,0,0
2020/11/13,0.01675906,0.27192723,0,0,0,0,0
2020/11/14,0.016980212,0.271306218,0,0,0,0,0
2020/11/15,0.0172021,0.270657653,0,0,0,0,0
2020/11/16,0.017424661,0.269981743,0,0,0,0,0
2020/11/17,0.017647833,0.269278708,0,0,0,0,0
2020/11/18,0.017871554,0.268548774,0,0,0,0,0
2020/11/19,0.01809576,0.267792179,0,0,0,0,0
2020/11/20,0.018320389,0.267009166,0,0,0,0,0
2020/11/21,0.018545377,0.266199988,0,0,0,0,0
2020/11/22,0.01877066,0.265364907,0,0,0,0,0
2020/11/23,0.018996176,0.264504192,0,0,0,0,0
2020/11/24,0.019221861,0.263618121,0,0,0,0,0
2020/11/25,0.019447649,0.262706978,0,0,0,0,0
2020/11/26,0.019673479,0.261771059,0,0,0,0,0
2020/11/27,0.019899284,0.260810665,0,0,0,0,0
2020/11/28,0.020125001,0.259826104,0,0,0,0,0
2020/11/29,0.020350566,0.258817695,0,0,0,0,0
2020/11/30,0.020575915,0.257785762,0,0,0,0,0
2020/12/1,0.020800982,0.256730636,0,0,0,0,0
2020/12/2,0.021025704,0.255652658,0,0,0,0,0
2020/12/3,0.021250017,0.254552174,0,0,0,0,0
2020/12/4,0.021473855,0.253429539,0,0,0,0,0
2020/12/5,0.021697156,0.252285113,0,0,0,0,0
2020/12/6,0.021919853,0.251119264,0,0,0,0,0
2020/12/7,0.022141885,0.249932368,0,0,0,0,0
2020/12/8,0.022363186,0.248724805,0,0,0,0,0
2020/12/9,0.022583693,0.247496964,0,0,0,0,0
2020/12/10,0.022803341,0.246249239,0,0,0,0,0
2020/12/11,0.023022069,0.244982031,0,0,0,0,0
2020/12/12,0.023239811,0.243695747,0,0,0,0,0
2020/12/13,0.023456505,0.2423908,0,0,0,0,0
2020/12/14,0.023672089,0.24106761,0,0,0,0,0
2020/12/15,0.023886499,0.239726601,0,0,0,0,0
2020/12/16,0.024099673,0.238368203,0,0,0,0,0
2020/12/17,0.02431155,0.236992854,0,0,0,0,0
2020/12/18,0.024522066,0.235600993,0,0,0,0,0
2020/12/19,0.024731161,0.234193068,0,0,0,0,0
2020/12/20,0.024938774,0.23276953,0,0,0,0,0
2020/12/21,0.025144843,0.231330837,0,0,0,0,0
2020/12/22,0.025349309,0.229877449,0,0,0,0,0
2020/12/23,0.025552112,0.228409833,0,0,0,0,0
2020/12/24,0.02575319,0.226928461,0,0,0,0,0
2020/12/25,0.025952487,0.225433806,0,0,0,0,0
2020/12/26,0.026149942,0.223926348,0,0,0,0,0
2020/12/27,0.026345498,0.22240657,0,0,0,0,0
2020/12/28,0.026539097,0.220874961,0,0,0,0,0
2020/12/29,0.026730681,0.21933201,0,0,0,0,0
2020/12/30,0.026920194,0.217778213,0,0,0,0,0
2020/12/31,0.027107579,0.216214067,0,0,0,0,0
