,date,Zone,NH4,NO3,ON,PO4,OP,CBOD,DO
0,2016/1/1,zone1,0,0,0,0,0,0,0
1,2016/1/1,zone10,0,0,0,0,0,0,0
2,2016/1/1,zone11,0,0,0,0,0,0,0
3,2016/1/1,zone12,0,0,0,0,0,0,0
4,2016/1/1,zone13,0,0,0,0,0,0,0
5,2016/1/1,zone14,0,0,0,0,0,0,0
6,2016/1/1,zone15,0,0,0,0,0,0,0
7,2016/1/1,zone16,0,0,0,0,0,0,0
8,2016/1/1,zone17,0,0,0,0,0,0,0
9,2016/1/1,zone18,0,0,0,0,0,0,0
10,2016/1/1,zone19,0,0,0,0,0,0,0
11,2016/1/1,zone2,0,0,0,0,0,0,0
12,2016/1/1,zone20,0,0,0,0,0,0,0
13,2016/1/1,zone21,0,0,0,0,0,0,0
14,2016/1/1,zone22,0,0,0,0,0,0,0
15,2016/1/1,zone23,0,0,0,0,0,0,0
16,2016/1/1,zone24,0,0,0,0,0,0,0
17,2016/1/1,zone3,41158724.95,13719574.99,13719574.99,9824587.646,9824587.646,204147275.8,2404401248
18,2016/1/1,zone4,115848997,38616332.34,38616332.34,32601194.97,32601194.97,1098943586,6512258286
19,2016/1/1,zone5,0,0,0,0,0,0,0
20,2016/1/1,zone6,0,0,0,0,0,0,0
21,2016/1/1,zone7,0,0,0,0,0,0,0
22,2016/1/1,zone8,0,0,0,0,0,0,0
23,2016/1/1,zone9,0,0,0,0,0,0,0
24,2016/2/1,zone1,0,0,0,0,0,0,0
25,2016/2/1,zone10,0,0,0,0,0,0,0
26,2016/2/1,zone11,0,0,0,0,0,0,0
27,2016/2/1,zone12,0,0,0,0,0,0,0
28,2016/2/1,zone13,0,0,0,0,0,0,0
29,2016/2/1,zone14,0,0,0,0,0,0,0
30,2016/2/1,zone15,0,0,0,0,0,0,0
31,2016/2/1,zone16,0,0,0,0,0,0,0
32,2016/2/1,zone17,0,0,0,0,0,0,0
33,2016/2/1,zone18,0,0,0,0,0,0,0
34,2016/2/1,zone19,0,0,0,0,0,0,0
35,2016/2/1,zone2,0,0,0,0,0,0,0
36,2016/2/1,zone20,0,0,0,0,0,0,0
37,2016/2/1,zone21,0,0,0,0,0,0,0
38,2016/2/1,zone22,0,0,0,0,0,0,0
39,2016/2/1,zone23,0,0,0,0,0,0,0
40,2016/2/1,zone24,0,0,0,0,0,0,0
41,2016/2/1,zone3,65030785.42,21676928.47,21676928.47,11943987.59,11943987.59,293361098.7,3532905803
42,2016/2/1,zone4,106404785.3,35468261.77,35468261.77,34388844.33,34388844.33,939436026.7,5842332078
43,2016/2/1,zone5,0,0,0,0,0,0,0
44,2016/2/1,zone6,0,0,0,0,0,0,0
45,2016/2/1,zone7,0,0,0,0,0,0,0
46,2016/2/1,zone8,0,0,0,0,0,0,0
47,2016/2/1,zone9,0,0,0,0,0,0,0
48,2016/3/1,zone1,0,0,0,0,0,0,0
49,2016/3/1,zone10,0,0,0,0,0,0,0
50,2016/3/1,zone11,0,0,0,0,0,0,0
51,2016/3/1,zone12,0,0,0,0,0,0,0
52,2016/3/1,zone13,0,0,0,0,0,0,0
53,2016/3/1,zone14,0,0,0,0,0,0,0
54,2016/3/1,zone15,0,0,0,0,0,0,0
55,2016/3/1,zone16,0,0,0,0,0,0,0
56,2016/3/1,zone17,0,0,0,0,0,0,0
57,2016/3/1,zone18,0,0,0,0,0,0,0
58,2016/3/1,zone19,0,0,0,0,0,0,0
59,2016/3/1,zone2,0,0,0,0,0,0,0
60,2016/3/1,zone20,0,0,0,0,0,0,0
61,2016/3/1,zone21,0,0,0,0,0,0,0
62,2016/3/1,zone22,0,0,0,0,0,0,0
63,2016/3/1,zone23,0,0,0,0,0,0,0
64,2016/3/1,zone24,0,0,0,0,0,0,0
65,2016/3/1,zone3,42393486.7,14131162.23,14131162.23,15668161.65,15668161.65,312487100.9,2584589573
66,2016/3/1,zone4,79960992.52,26653664.17,26653664.17,12669375.03,12669375.03,750798181.4,4868345068
67,2016/3/1,zone5,0,0,0,0,0,0,0
68,2016/3/1,zone6,0,0,0,0,0,0,0
69,2016/3/1,zone7,0,0,0,0,0,0,0
70,2016/3/1,zone8,0,0,0,0,0,0,0
71,2016/3/1,zone9,0,0,0,0,0,0,0
72,2016/4/1,zone1,0,0,0,0,0,0,0
73,2016/4/1,zone10,0,0,0,0,0,0,0
74,2016/4/1,zone11,0,0,0,0,0,0,0
75,2016/4/1,zone12,0,0,0,0,0,0,0
76,2016/4/1,zone13,0,0,0,0,0,0,0
77,2016/4/1,zone14,0,0,0,0,0,0,0
78,2016/4/1,zone15,0,0,0,0,0,0,0
79,2016/4/1,zone16,0,0,0,0,0,0,0
80,2016/4/1,zone17,0,0,0,0,0,0,0
81,2016/4/1,zone18,0,0,0,0,0,0,0
82,2016/4/1,zone19,0,0,0,0,0,0,0
83,2016/4/1,zone2,0,0,0,0,0,0,0
84,2016/4/1,zone20,0,0,0,0,0,0,0
85,2016/4/1,zone21,0,0,0,0,0,0,0
86,2016/4/1,zone22,0,0,0,0,0,0,0
87,2016/4/1,zone23,0,0,0,0,0,0,0
88,2016/4/1,zone24,0,0,0,0,0,0,0
89,2016/4/1,zone3,58033802.2,19344600.73,19344600.73,15862572.6,15862572.6,425581216,3315664565
90,2016/4/1,zone4,177551180.2,59183726.72,59183726.72,39830648.09,39830648.09,1858369020,8838497751
91,2016/4/1,zone5,0,0,0,0,0,0,0
92,2016/4/1,zone6,0,0,0,0,0,0,0
93,2016/4/1,zone7,0,0,0,0,0,0,0
94,2016/4/1,zone8,0,0,0,0,0,0,0
95,2016/4/1,zone9,0,0,0,0,0,0,0
96,2016/5/1,zone1,0,0,0,0,0,0,0
97,2016/5/1,zone10,0,0,0,0,0,0,0
98,2016/5/1,zone11,0,0,0,0,0,0,0
99,2016/5/1,zone12,0,0,0,0,0,0,0
100,2016/5/1,zone13,0,0,0,0,0,0,0
101,2016/5/1,zone14,0,0,0,0,0,0,0
102,2016/5/1,zone15,0,0,0,0,0,0,0
103,2016/5/1,zone16,0,0,0,0,0,0,0
104,2016/5/1,zone17,0,0,0,0,0,0,0
105,2016/5/1,zone18,0,0,0,0,0,0,0
106,2016/5/1,zone19,0,0,0,0,0,0,0
107,2016/5/1,zone2,0,0,0,0,0,0,0
108,2016/5/1,zone20,0,0,0,0,0,0,0
109,2016/5/1,zone21,0,0,0,0,0,0,0
110,2016/5/1,zone22,0,0,0,0,0,0,0
111,2016/5/1,zone23,0,0,0,0,0,0,0
112,2016/5/1,zone24,0,0,0,0,0,0,0
113,2016/5/1,zone3,73674117.65,24558039.22,24558039.22,18601077.51,18601077.51,558286091.6,4095789781
114,2016/5/1,zone4,184476935.5,61492311.82,61492311.82,22875140,22875140,1699114565,10798336920
115,2016/5/1,zone5,0,0,0,0,0,0,0
116,2016/5/1,zone6,0,0,0,0,0,0,0
117,2016/5/1,zone7,0,0,0,0,0,0,0
118,2016/5/1,zone8,0,0,0,0,0,0,0
119,2016/5/1,zone9,0,0,0,0,0,0,0
120,2016/6/1,zone1,0,0,0,0,0,0,0
121,2016/6/1,zone10,0,0,0,0,0,0,0
122,2016/6/1,zone11,0,0,0,0,0,0,0
123,2016/6/1,zone12,0,0,0,0,0,0,0
124,2016/6/1,zone13,0,0,0,0,0,0,0
125,2016/6/1,zone14,0,0,0,0,0,0,0
126,2016/6/1,zone15,0,0,0,0,0,0,0
127,2016/6/1,zone16,0,0,0,0,0,0,0
128,2016/6/1,zone17,0,0,0,0,0,0,0
129,2016/6/1,zone18,0,0,0,0,0,0,0
130,2016/6/1,zone19,0,0,0,0,0,0,0
131,2016/6/1,zone2,0,0,0,0,0,0,0
132,2016/6/1,zone20,0,0,0,0,0,0,0
133,2016/6/1,zone21,0,0,0,0,0,0,0
134,2016/6/1,zone22,0,0,0,0,0,0,0
135,2016/6/1,zone23,0,0,0,0,0,0,0
136,2016/6/1,zone24,0,0,0,0,0,0,0
137,2016/6/1,zone3,92195543.91,30731847.97,30731847.97,20590338.14,20590338.14,553173263.4,4628216304
138,2016/6/1,zone4,210920728.2,70306909.42,70306909.42,129364713.3,129364713.3,2057180170,10584002144
139,2016/6/1,zone5,0,0,0,0,0,0,0
140,2016/6/1,zone6,0,0,0,0,0,0,0
141,2016/6/1,zone7,0,0,0,0,0,0,0
142,2016/6/1,zone8,0,0,0,0,0,0,0
143,2016/6/1,zone9,0,0,0,0,0,0,0
144,2016/7/1,zone1,0,0,0,0,0,0,0
145,2016/7/1,zone10,0,0,0,0,0,0,0
146,2016/7/1,zone11,0,0,0,0,0,0,0
147,2016/7/1,zone12,0,0,0,0,0,0,0
148,2016/7/1,zone13,0,0,0,0,0,0,0
149,2016/7/1,zone14,0,0,0,0,0,0,0
150,2016/7/1,zone15,0,0,0,0,0,0,0
151,2016/7/1,zone16,0,0,0,0,0,0,0
152,2016/7/1,zone17,0,0,0,0,0,0,0
153,2016/7/1,zone18,0,0,0,0,0,0,0
154,2016/7/1,zone19,0,0,0,0,0,0,0
155,2016/7/1,zone2,0,0,0,0,0,0,0
156,2016/7/1,zone20,0,0,0,0,0,0,0
157,2016/7/1,zone21,0,0,0,0,0,0,0
158,2016/7/1,zone22,0,0,0,0,0,0,0
159,2016/7/1,zone23,0,0,0,0,0,0,0
160,2016/7/1,zone24,0,0,0,0,0,0,0
161,2016/7/1,zone3,59268563.91,19756187.98,19756187.98,11473076.9,11473076.9,428709279.1,3196946339
162,2016/7/1,zone4,81220220.73,27073406.91,27073406.91,10490945.18,10490945.18,691003589.1,3935083597
163,2016/7/1,zone5,0,0,0,0,0,0,0
164,2016/7/1,zone6,0,0,0,0,0,0,0
165,2016/7/1,zone7,0,0,0,0,0,0,0
166,2016/7/1,zone8,0,0,0,0,0,0,0
167,2016/7/1,zone9,0,0,0,0,0,0,0
168,2016/8/1,zone1,0,0,0,0,0,0,0
169,2016/8/1,zone10,0,0,0,0,0,0,0
170,2016/8/1,zone11,0,0,0,0,0,0,0
171,2016/8/1,zone12,0,0,0,0,0,0,0
172,2016/8/1,zone13,0,0,0,0,0,0,0
173,2016/8/1,zone14,0,0,0,0,0,0,0
174,2016/8/1,zone15,0,0,0,0,0,0,0
175,2016/8/1,zone16,0,0,0,0,0,0,0
176,2016/8/1,zone17,0,0,0,0,0,0,0
177,2016/8/1,zone18,0,0,0,0,0,0,0
178,2016/8/1,zone19,0,0,0,0,0,0,0
179,2016/8/1,zone2,0,0,0,0,0,0,0
180,2016/8/1,zone20,0,0,0,0,0,0,0
181,2016/8/1,zone21,0,0,0,0,0,0,0
182,2016/8/1,zone22,0,0,0,0,0,0,0
183,2016/8/1,zone23,0,0,0,0,0,0,0
184,2016/8/1,zone24,0,0,0,0,0,0,0
185,2016/8/1,zone3,27576345.72,9192115.241,9192115.241,6582473.723,6582473.723,184271270.2,1449474012
186,2016/8/1,zone4,57106000.17,19035333.39,19035333.39,5507556.46,5507556.46,494499890.7,2281701962
187,2016/8/1,zone5,0,0,0,0,0,0,0
188,2016/8/1,zone6,0,0,0,0,0,0,0
189,2016/8/1,zone7,0,0,0,0,0,0,0
190,2016/8/1,zone8,0,0,0,0,0,0,0
191,2016/8/1,zone9,0,0,0,0,0,0,0
192,2016/9/1,zone1,0,0,0,0,0,0,0
193,2016/9/1,zone10,0,0,0,0,0,0,0
194,2016/9/1,zone11,0,0,0,0,0,0,0
195,2016/9/1,zone12,0,0,0,0,0,0,0
196,2016/9/1,zone13,0,0,0,0,0,0,0
197,2016/9/1,zone14,0,0,0,0,0,0,0
198,2016/9/1,zone15,0,0,0,0,0,0,0
199,2016/9/1,zone16,0,0,0,0,0,0,0
200,2016/9/1,zone17,0,0,0,0,0,0,0
201,2016/9/1,zone18,0,0,0,0,0,0,0
202,2016/9/1,zone19,0,0,0,0,0,0,0
203,2016/9/1,zone2,0,0,0,0,0,0,0
204,2016/9/1,zone20,0,0,0,0,0,0,0
205,2016/9/1,zone21,0,0,0,0,0,0,0
206,2016/9/1,zone22,0,0,0,0,0,0,0
207,2016/9/1,zone23,0,0,0,0,0,0,0
208,2016/9/1,zone24,0,0,0,0,0,0,0
209,2016/9/1,zone3,71204594.18,23734864.72,23734864.72,22073424.19,22073424.19,498432159.2,3617193384
210,2016/9/1,zone4,344398920.5,114799640.2,114799640.2,27207514.72,27207514.72,3060558407,17511537110
211,2016/9/1,zone5,0,0,0,0,0,0,0
212,2016/9/1,zone6,0,0,0,0,0,0,0
213,2016/9/1,zone7,0,0,0,0,0,0,0
214,2016/9/1,zone8,0,0,0,0,0,0,0
215,2016/9/1,zone9,0,0,0,0,0,0,0
216,2016/10/1,zone1,0,0,0,0,0,0,0
217,2016/10/1,zone10,0,0,0,0,0,0,0
218,2016/10/1,zone11,0,0,0,0,0,0,0
219,2016/10/1,zone12,0,0,0,0,0,0,0
220,2016/10/1,zone13,0,0,0,0,0,0,0
221,2016/10/1,zone14,0,0,0,0,0,0,0
222,2016/10/1,zone15,0,0,0,0,0,0,0
223,2016/10/1,zone16,0,0,0,0,0,0,0
224,2016/10/1,zone17,0,0,0,0,0,0,0
225,2016/10/1,zone18,0,0,0,0,0,0,0
226,2016/10/1,zone19,0,0,0,0,0,0,0
227,2016/10/1,zone2,0,0,0,0,0,0,0
228,2016/10/1,zone20,0,0,0,0,0,0,0
229,2016/10/1,zone21,0,0,0,0,0,0,0
230,2016/10/1,zone22,0,0,0,0,0,0,0
231,2016/10/1,zone23,0,0,0,0,0,0,0
232,2016/10/1,zone24,0,0,0,0,0,0,0
233,2016/10/1,zone3,59680151.18,19893383.73,19893383.73,19117541.76,19117541.76,534468909.5,3165700464
234,2016/10/1,zone4,124663594.6,41554531.54,41554531.54,42939682.59,42939682.59,944673017,6209078102
235,2016/10/1,zone5,0,0,0,0,0,0,0
236,2016/10/1,zone6,0,0,0,0,0,0,0
237,2016/10/1,zone7,0,0,0,0,0,0,0
238,2016/10/1,zone8,0,0,0,0,0,0,0
239,2016/10/1,zone9,0,0,0,0,0,0,0
240,2016/11/1,zone1,0,0,0,0,0,0,0
241,2016/11/1,zone10,0,0,0,0,0,0,0
242,2016/11/1,zone11,0,0,0,0,0,0,0
243,2016/11/1,zone12,0,0,0,0,0,0,0
244,2016/11/1,zone13,0,0,0,0,0,0,0
245,2016/11/1,zone14,0,0,0,0,0,0,0
246,2016/11/1,zone15,0,0,0,0,0,0,0
247,2016/11/1,zone16,0,0,0,0,0,0,0
248,2016/11/1,zone17,0,0,0,0,0,0,0
249,2016/11/1,zone18,0,0,0,0,0,0,0
250,2016/11/1,zone19,0,0,0,0,0,0,0
251,2016/11/1,zone2,0,0,0,0,0,0,0
252,2016/11/1,zone20,0,0,0,0,0,0,0
253,2016/11/1,zone21,0,0,0,0,0,0,0
254,2016/11/1,zone22,0,0,0,0,0,0,0
255,2016/11/1,zone23,0,0,0,0,0,0,0
256,2016/11/1,zone24,0,0,0,0,0,0,0
257,2016/11/1,zone3,24612917.52,8204305.843,8204305.843,5989143.264,5989143.264,201825923.7,1402936299
258,2016/11/1,zone4,65479867.86,21826622.63,21826622.63,28440089.28,28440089.28,630789393.9,3335107937
259,2016/11/1,zone5,0,0,0,0,0,0,0
260,2016/11/1,zone6,0,0,0,0,0,0,0
261,2016/11/1,zone7,0,0,0,0,0,0,0
262,2016/11/1,zone8,0,0,0,0,0,0,0
263,2016/11/1,zone9,0,0,0,0,0,0,0
264,2016/12/1,zone1,0,0,0,0,0,0,0
265,2016/12/1,zone10,0,0,0,0,0,0,0
266,2016/12/1,zone11,0,0,0,0,0,0,0
267,2016/12/1,zone12,0,0,0,0,0,0,0
268,2016/12/1,zone13,0,0,0,0,0,0,0
269,2016/12/1,zone14,0,0,0,0,0,0,0
270,2016/12/1,zone15,0,0,0,0,0,0,0
271,2016/12/1,zone16,0,0,0,0,0,0,0
272,2016/12/1,zone17,0,0,0,0,0,0,0
273,2016/12/1,zone18,0,0,0,0,0,0,0
274,2016/12/1,zone19,0,0,0,0,0,0,0
275,2016/12/1,zone2,0,0,0,0,0,0,0
276,2016/12/1,zone20,0,0,0,0,0,0,0
277,2016/12/1,zone21,0,0,0,0,0,0,0
278,2016/12/1,zone22,0,0,0,0,0,0,0
279,2016/12/1,zone23,0,0,0,0,0,0,0
280,2016/12/1,zone24,0,0,0,0,0,0,0
281,2016/12/1,zone3,24818711.15,8272903.715,8272903.715,6813287.737,6813287.737,205168012.1,1482338888
282,2016/12/1,zone4,46654405.88,15551468.62,15551468.62,27318746.54,27318746.54,434850165.6,2380587714
283,2016/12/1,zone5,0,0,0,0,0,0,0
284,2016/12/1,zone6,0,0,0,0,0,0,0
285,2016/12/1,zone7,0,0,0,0,0,0,0
286,2016/12/1,zone8,0,0,0,0,0,0,0
287,2016/12/1,zone9,0,0,0,0,0,0,0
288,2017/1/1,zone1,0,0,0,0,0,0,0
289,2017/1/1,zone10,0,0,0,0,0,0,0
290,2017/1/1,zone11,0,0,0,0,0,0,0
291,2017/1/1,zone12,0,0,0,0,0,0,0
292,2017/1/1,zone13,0,0,0,0,0,0,0
293,2017/1/1,zone14,0,0,0,0,0,0,0
294,2017/1/1,zone15,0,0,0,0,0,0,0
295,2017/1/1,zone16,0,0,0,0,0,0,0
296,2017/1/1,zone17,0,0,0,0,0,0,0
297,2017/1/1,zone18,0,0,0,0,0,0,0
298,2017/1/1,zone19,0,0,0,0,0,0,0
299,2017/1/1,zone2,0,0,0,0,0,0,0
300,2017/1/1,zone20,0,0,0,0,0,0,0
301,2017/1/1,zone21,0,0,0,0,0,0,0
302,2017/1/1,zone22,0,0,0,0,0,0,0
303,2017/1/1,zone23,0,0,0,0,0,0,0
304,2017/1/1,zone24,0,0,0,0,0,0,0
305,2017/1/1,zone3,28111409.14,9370469.716,9370469.716,7620378.321,7620378.321,242070467.6,1882339956
306,2017/1/1,zone4,29654824.78,9884941.592,9884941.592,14810937.49,14810937.49,276402736.8,1791204136
307,2017/1/1,zone5,0,0,0,0,0,0,0
308,2017/1/1,zone6,0,0,0,0,0,0,0
309,2017/1/1,zone7,0,0,0,0,0,0,0
310,2017/1/1,zone8,0,0,0,0,0,0,0
311,2017/1/1,zone9,0,0,0,0,0,0,0
312,2017/2/1,zone1,0,0,0,0,0,0,0
313,2017/2/1,zone10,0,0,0,0,0,0,0
314,2017/2/1,zone11,0,0,0,0,0,0,0
315,2017/2/1,zone12,0,0,0,0,0,0,0
316,2017/2/1,zone13,0,0,0,0,0,0,0
317,2017/2/1,zone14,0,0,0,0,0,0,0
318,2017/2/1,zone15,0,0,0,0,0,0,0
319,2017/2/1,zone16,0,0,0,0,0,0,0
320,2017/2/1,zone17,0,0,0,0,0,0,0
321,2017/2/1,zone18,0,0,0,0,0,0,0
322,2017/2/1,zone19,0,0,0,0,0,0,0
323,2017/2/1,zone2,0,0,0,0,0,0,0
324,2017/2/1,zone20,0,0,0,0,0,0,0
325,2017/2/1,zone21,0,0,0,0,0,0,0
326,2017/2/1,zone22,0,0,0,0,0,0,0
327,2017/2/1,zone23,0,0,0,0,0,0,0
328,2017/2/1,zone24,0,0,0,0,0,0,0
329,2017/2/1,zone3,30910202.44,10303400.82,10303400.82,5510258.755,5510258.755,198100053,1744434447
330,2017/2/1,zone4,22036494,7345497.999,7345497.999,10194571.82,10194571.82,237210615.4,1197022354
331,2017/2/1,zone5,0,0,0,0,0,0,0
332,2017/2/1,zone6,0,0,0,0,0,0,0
333,2017/2/1,zone7,0,0,0,0,0,0,0
334,2017/2/1,zone8,0,0,0,0,0,0,0
335,2017/2/1,zone9,0,0,0,0,0,0,0
336,2017/3/1,zone1,0,0,0,0,0,0,0
337,2017/3/1,zone10,0,0,0,0,0,0,0
338,2017/3/1,zone11,0,0,0,0,0,0,0
339,2017/3/1,zone12,0,0,0,0,0,0,0
340,2017/3/1,zone13,0,0,0,0,0,0,0
341,2017/3/1,zone14,0,0,0,0,0,0,0
342,2017/3/1,zone15,0,0,0,0,0,0,0
343,2017/3/1,zone16,0,0,0,0,0,0,0
344,2017/3/1,zone17,0,0,0,0,0,0,0
345,2017/3/1,zone18,0,0,0,0,0,0,0
346,2017/3/1,zone19,0,0,0,0,0,0,0
347,2017/3/1,zone2,0,0,0,0,0,0,0
348,2017/3/1,zone20,0,0,0,0,0,0,0
349,2017/3/1,zone21,0,0,0,0,0,0,0
350,2017/3/1,zone22,0,0,0,0,0,0,0
351,2017/3/1,zone23,0,0,0,0,0,0,0
352,2017/3/1,zone24,0,0,0,0,0,0,0
353,2017/3/1,zone3,22019917.85,7339972.615,7339972.615,5210646.561,5210646.561,166862044.2,1532096951
354,2017/3/1,zone4,74294465.46,24764821.83,24764821.83,37617764.35,37617764.35,701174655.3,4626729112
355,2017/3/1,zone5,0,0,0,0,0,0,0
356,2017/3/1,zone6,0,0,0,0,0,0,0
357,2017/3/1,zone7,0,0,0,0,0,0,0
358,2017/3/1,zone8,0,0,0,0,0,0,0
359,2017/3/1,zone9,0,0,0,0,0,0,0
360,2017/4/1,zone1,0,0,0,0,0,0,0
361,2017/4/1,zone10,0,0,0,0,0,0,0
362,2017/4/1,zone11,0,0,0,0,0,0,0
363,2017/4/1,zone12,0,0,0,0,0,0,0
364,2017/4/1,zone13,0,0,0,0,0,0,0
365,2017/4/1,zone14,0,0,0,0,0,0,0
366,2017/4/1,zone15,0,0,0,0,0,0,0
367,2017/4/1,zone16,0,0,0,0,0,0,0
368,2017/4/1,zone17,0,0,0,0,0,0,0
369,2017/4/1,zone18,0,0,0,0,0,0,0
370,2017/4/1,zone19,0,0,0,0,0,0,0
371,2017/4/1,zone2,0,0,0,0,0,0,0
372,2017/4/1,zone20,0,0,0,0,0,0,0
373,2017/4/1,zone21,0,0,0,0,0,0,0
374,2017/4/1,zone22,0,0,0,0,0,0,0
375,2017/4/1,zone23,0,0,0,0,0,0,0
376,2017/4/1,zone24,0,0,0,0,0,0,0
377,2017/4/1,zone3,43628248.47,14542749.48,14542749.48,12404965.31,12404965.31,398471335.8,2588609408
378,2017/4/1,zone4,73035237.25,24345079.08,24345079.08,36517618.62,36517618.62,715745325,3968247891
379,2017/4/1,zone5,0,0,0,0,0,0,0
380,2017/4/1,zone6,0,0,0,0,0,0,0
381,2017/4/1,zone7,0,0,0,0,0,0,0
382,2017/4/1,zone8,0,0,0,0,0,0,0
383,2017/4/1,zone9,0,0,0,0,0,0,0
384,2017/5/1,zone1,0,0,0,0,0,0,0
385,2017/5/1,zone10,0,0,0,0,0,0,0
386,2017/5/1,zone11,0,0,0,0,0,0,0
387,2017/5/1,zone12,0,0,0,0,0,0,0
388,2017/5/1,zone13,0,0,0,0,0,0,0
389,2017/5/1,zone14,0,0,0,0,0,0,0
390,2017/5/1,zone15,0,0,0,0,0,0,0
391,2017/5/1,zone16,0,0,0,0,0,0,0
392,2017/5/1,zone17,0,0,0,0,0,0,0
393,2017/5/1,zone18,0,0,0,0,0,0,0
394,2017/5/1,zone19,0,0,0,0,0,0,0
395,2017/5/1,zone2,0,0,0,0,0,0,0
396,2017/5/1,zone20,0,0,0,0,0,0,0
397,2017/5/1,zone21,0,0,0,0,0,0,0
398,2017/5/1,zone22,0,0,0,0,0,0,0
399,2017/5/1,zone23,0,0,0,0,0,0,0
400,2017/5/1,zone24,0,0,0,0,0,0,0
401,2017/5/1,zone3,32227281.64,10742427.21,10742427.21,8025667.371,8025667.371,281952906.2,2009191970
402,2017/5/1,zone4,44576679.28,14858893.1,14858893.1,22724200.51,22724200.51,429917306.9,2385426886
403,2017/5/1,zone5,0,0,0,0,0,0,0
404,2017/5/1,zone6,0,0,0,0,0,0,0
405,2017/5/1,zone7,0,0,0,0,0,0,0
406,2017/5/1,zone8,0,0,0,0,0,0,0
407,2017/5/1,zone9,0,0,0,0,0,0,0
408,2017/6/1,zone1,0,0,0,0,0,0,0
409,2017/6/1,zone10,0,0,0,0,0,0,0
410,2017/6/1,zone11,0,0,0,0,0,0,0
411,2017/6/1,zone12,0,0,0,0,0,0,0
412,2017/6/1,zone13,0,0,0,0,0,0,0
413,2017/6/1,zone14,0,0,0,0,0,0,0
414,2017/6/1,zone15,0,0,0,0,0,0,0
415,2017/6/1,zone16,0,0,0,0,0,0,0
416,2017/6/1,zone17,0,0,0,0,0,0,0
417,2017/6/1,zone18,0,0,0,0,0,0,0
418,2017/6/1,zone19,0,0,0,0,0,0,0
419,2017/6/1,zone2,0,0,0,0,0,0,0
420,2017/6/1,zone20,0,0,0,0,0,0,0
421,2017/6/1,zone21,0,0,0,0,0,0,0
422,2017/6/1,zone22,0,0,0,0,0,0,0
423,2017/6/1,zone23,0,0,0,0,0,0,0
424,2017/6/1,zone24,0,0,0,0,0,0,0
425,2017/6/1,zone3,68735070.68,22911690.22,22911690.22,15809066.25,15809066.25,549880565.4,3972887085
426,2017/6/1,zone4,246808732.8,82269577.58,82269577.58,125872453.7,125872453.7,4820997247,12542819800
427,2017/6/1,zone5,0,0,0,0,0,0,0
428,2017/6/1,zone6,0,0,0,0,0,0,0
429,2017/6/1,zone7,0,0,0,0,0,0,0
430,2017/6/1,zone8,0,0,0,0,0,0,0
431,2017/6/1,zone9,0,0,0,0,0,0,0
432,2017/7/1,zone1,0,0,0,0,0,0,0
433,2017/7/1,zone10,0,0,0,0,0,0,0
434,2017/7/1,zone11,0,0,0,0,0,0,0
435,2017/7/1,zone12,0,0,0,0,0,0,0
436,2017/7/1,zone13,0,0,0,0,0,0,0
437,2017/7/1,zone14,0,0,0,0,0,0,0
438,2017/7/1,zone15,0,0,0,0,0,0,0
439,2017/7/1,zone16,0,0,0,0,0,0,0
440,2017/7/1,zone17,0,0,0,0,0,0,0
441,2017/7/1,zone18,0,0,0,0,0,0,0
442,2017/7/1,zone19,0,0,0,0,0,0,0
443,2017/7/1,zone2,0,0,0,0,0,0,0
444,2017/7/1,zone20,0,0,0,0,0,0,0
445,2017/7/1,zone21,0,0,0,0,0,0,0
446,2017/7/1,zone22,0,0,0,0,0,0,0
447,2017/7/1,zone23,0,0,0,0,0,0,0
448,2017/7/1,zone24,0,0,0,0,0,0,0
449,2017/7/1,zone3,67500308.92,22500102.97,22500102.97,13252560.65,13252560.65,511502340.9,3720017025
450,2017/7/1,zone4,129700507.5,43233502.51,43233502.51,63437959.35,63437959.35,1876334009,5639723935
451,2017/7/1,zone5,0,0,0,0,0,0,0
452,2017/7/1,zone6,0,0,0,0,0,0,0
453,2017/7/1,zone7,0,0,0,0,0,0,0
454,2017/7/1,zone8,0,0,0,0,0,0,0
455,2017/7/1,zone9,0,0,0,0,0,0,0
456,2017/8/1,zone1,0,0,0,0,0,0,0
457,2017/8/1,zone10,0,0,0,0,0,0,0
458,2017/8/1,zone11,0,0,0,0,0,0,0
459,2017/8/1,zone12,0,0,0,0,0,0,0
460,2017/8/1,zone13,0,0,0,0,0,0,0
461,2017/8/1,zone14,0,0,0,0,0,0,0
462,2017/8/1,zone15,0,0,0,0,0,0,0
463,2017/8/1,zone16,0,0,0,0,0,0,0
464,2017/8/1,zone17,0,0,0,0,0,0,0
465,2017/8/1,zone18,0,0,0,0,0,0,0
466,2017/8/1,zone19,0,0,0,0,0,0,0
467,2017/8/1,zone2,0,0,0,0,0,0,0
468,2017/8/1,zone20,0,0,0,0,0,0,0
469,2017/8/1,zone21,0,0,0,0,0,0,0
470,2017/8/1,zone22,0,0,0,0,0,0,0
471,2017/8/1,zone23,0,0,0,0,0,0,0
472,2017/8/1,zone24,0,0,0,0,0,0,0
473,2017/8/1,zone3,45274597.44,15091532.48,15091532.48,10713478.91,10713478.91,383626755.7,2610533289
474,2017/8/1,zone4,152996229.7,50998743.24,50998743.24,64819402.67,64819402.67,1897153249,8070279126
475,2017/8/1,zone5,0,0,0,0,0,0,0
476,2017/8/1,zone6,0,0,0,0,0,0,0
477,2017/8/1,zone7,0,0,0,0,0,0,0
478,2017/8/1,zone8,0,0,0,0,0,0,0
479,2017/8/1,zone9,0,0,0,0,0,0,0
480,2017/9/1,zone1,0,0,0,0,0,0,0
481,2017/9/1,zone10,0,0,0,0,0,0,0
482,2017/9/1,zone11,0,0,0,0,0,0,0
483,2017/9/1,zone12,0,0,0,0,0,0,0
484,2017/9/1,zone13,0,0,0,0,0,0,0
485,2017/9/1,zone14,0,0,0,0,0,0,0
486,2017/9/1,zone15,0,0,0,0,0,0,0
487,2017/9/1,zone16,0,0,0,0,0,0,0
488,2017/9/1,zone17,0,0,0,0,0,0,0
489,2017/9/1,zone18,0,0,0,0,0,0,0
490,2017/9/1,zone19,0,0,0,0,0,0,0
491,2017/9/1,zone2,0,0,0,0,0,0,0
492,2017/9/1,zone20,0,0,0,0,0,0,0
493,2017/9/1,zone21,0,0,0,0,0,0,0
494,2017/9/1,zone22,0,0,0,0,0,0,0
495,2017/9/1,zone23,0,0,0,0,0,0,0
496,2017/9/1,zone24,0,0,0,0,0,0,0
497,2017/9/1,zone3,25600726.92,8533575.642,8533575.642,5802831.435,5802831.435,204805815.4,1387559399
498,2017/9/1,zone4,54650505.12,18216835.04,18216835.04,20038518.54,20038518.54,510071381.1,2812679330
499,2017/9/1,zone5,0,0,0,0,0,0,0
500,2017/9/1,zone6,0,0,0,0,0,0,0
501,2017/9/1,zone7,0,0,0,0,0,0,0
502,2017/9/1,zone8,0,0,0,0,0,0,0
503,2017/9/1,zone9,0,0,0,0,0,0,0
504,2017/10/1,zone1,0,0,0,0,0,0,0
505,2017/10/1,zone10,0,0,0,0,0,0,0
506,2017/10/1,zone11,0,0,0,0,0,0,0
507,2017/10/1,zone12,0,0,0,0,0,0,0
508,2017/10/1,zone13,0,0,0,0,0,0,0
509,2017/10/1,zone14,0,0,0,0,0,0,0
510,2017/10/1,zone15,0,0,0,0,0,0,0
511,2017/10/1,zone16,0,0,0,0,0,0,0
512,2017/10/1,zone17,0,0,0,0,0,0,0
513,2017/10/1,zone18,0,0,0,0,0,0,0
514,2017/10/1,zone19,0,0,0,0,0,0,0
515,2017/10/1,zone2,0,0,0,0,0,0,0
516,2017/10/1,zone20,0,0,0,0,0,0,0
517,2017/10/1,zone21,0,0,0,0,0,0,0
518,2017/10/1,zone22,0,0,0,0,0,0,0
519,2017/10/1,zone23,0,0,0,0,0,0,0
520,2017/10/1,zone24,0,0,0,0,0,0,0
521,2017/10/1,zone3,7326253.043,2442084.347,2442084.347,1514092.295,1514092.295,31964002.45,498809126.8
522,2017/10/1,zone4,24303104.81,8101034.938,8101034.938,11719497.21,11719497.21,106032988.1,938676477.3
523,2017/10/1,zone5,0,0,0,0,0,0,0
524,2017/10/1,zone6,0,0,0,0,0,0,0
525,2017/10/1,zone7,0,0,0,0,0,0,0
526,2017/10/1,zone8,0,0,0,0,0,0,0
527,2017/10/1,zone9,0,0,0,0,0,0,0
528,2017/11/1,zone1,0,0,0,0,0,0,0
529,2017/11/1,zone10,0,0,0,0,0,0,0
530,2017/11/1,zone11,0,0,0,0,0,0,0
531,2017/11/1,zone12,0,0,0,0,0,0,0
532,2017/11/1,zone13,0,0,0,0,0,0,0
533,2017/11/1,zone14,0,0,0,0,0,0,0
534,2017/11/1,zone15,0,0,0,0,0,0,0
535,2017/11/1,zone16,0,0,0,0,0,0,0
536,2017/11/1,zone17,0,0,0,0,0,0,0
537,2017/11/1,zone18,0,0,0,0,0,0,0
538,2017/11/1,zone19,0,0,0,0,0,0,0
539,2017/11/1,zone2,0,0,0,0,0,0,0
540,2017/11/1,zone20,0,0,0,0,0,0,0
541,2017/11/1,zone21,0,0,0,0,0,0,0
542,2017/11/1,zone22,0,0,0,0,0,0,0
543,2017/11/1,zone23,0,0,0,0,0,0,0
544,2017/11/1,zone24,0,0,0,0,0,0,0
545,2017/11/1,zone3,2148485.443,716161.8141,716161.8141,501313.2699,501313.2699,10981195.56,108665667
546,2017/11/1,zone4,16369966.97,5456655.655,5456655.655,7457611.286,7457611.286,149148951.7,660618747.7
547,2017/11/1,zone5,0,0,0,0,0,0,0
548,2017/11/1,zone6,0,0,0,0,0,0,0
549,2017/11/1,zone7,0,0,0,0,0,0,0
550,2017/11/1,zone8,0,0,0,0,0,0,0
551,2017/11/1,zone9,0,0,0,0,0,0,0
552,2017/12/1,zone1,0,0,0,0,0,0,0
553,2017/12/1,zone10,0,0,0,0,0,0,0
554,2017/12/1,zone11,0,0,0,0,0,0,0
555,2017/12/1,zone12,0,0,0,0,0,0,0
556,2017/12/1,zone13,0,0,0,0,0,0,0
557,2017/12/1,zone14,0,0,0,0,0,0,0
558,2017/12/1,zone15,0,0,0,0,0,0,0
559,2017/12/1,zone16,0,0,0,0,0,0,0
560,2017/12/1,zone17,0,0,0,0,0,0,0
561,2017/12/1,zone18,0,0,0,0,0,0,0
562,2017/12/1,zone19,0,0,0,0,0,0,0
563,2017/12/1,zone2,0,0,0,0,0,0,0
564,2017/12/1,zone20,0,0,0,0,0,0,0
565,2017/12/1,zone21,0,0,0,0,0,0,0
566,2017/12/1,zone22,0,0,0,0,0,0,0
567,2017/12/1,zone23,0,0,0,0,0,0,0
568,2017/12/1,zone24,0,0,0,0,0,0,0
569,2017/12/1,zone3,10660109.76,3553369.921,3553369.921,4161268.602,4161268.602,93019572.94,601443392.8
570,2017/12/1,zone4,17251426.73,5750475.578,5750475.578,9903794.898,9903794.898,170341469.3,892512146
571,2017/12/1,zone5,0,0,0,0,0,0,0
572,2017/12/1,zone6,0,0,0,0,0,0,0
573,2017/12/1,zone7,0,0,0,0,0,0,0
574,2017/12/1,zone8,0,0,0,0,0,0,0
575,2017/12/1,zone9,0,0,0,0,0,0,0
576,2018/1/1,zone1,0,0,0,0,0,0,0
577,2018/1/1,zone10,0,0,0,0,0,0,0
578,2018/1/1,zone11,0,0,0,0,0,0,0
579,2018/1/1,zone12,0,0,0,0,0,0,0
580,2018/1/1,zone13,0,0,0,0,0,0,0
581,2018/1/1,zone14,0,0,0,0,0,0,0
582,2018/1/1,zone15,0,0,0,0,0,0,0
583,2018/1/1,zone16,0,0,0,0,0,0,0
584,2018/1/1,zone17,0,0,0,0,0,0,0
585,2018/1/1,zone18,0,0,0,0,0,0,0
586,2018/1/1,zone19,0,0,0,0,0,0,0
587,2018/1/1,zone2,0,0,0,0,0,0,0
588,2018/1/1,zone20,0,0,0,0,0,0,0
589,2018/1/1,zone21,0,0,0,0,0,0,0
590,2018/1/1,zone22,0,0,0,0,0,0,0
591,2018/1/1,zone23,0,0,0,0,0,0,0
592,2018/1/1,zone24,0,0,0,0,0,0,0
593,2018/1/1,zone3,9754617.815,3251539.271,3251539.271,1455855.032,1455855.032,49278660.07,602770350.1
594,2018/1/1,zone4,33936200.76,11312066.92,11312066.92,19871530.89,19871530.89,335087780.8,2199116864
595,2018/1/1,zone5,0,0,0,0,0,0,0
596,2018/1/1,zone6,0,0,0,0,0,0,0
597,2018/1/1,zone7,0,0,0,0,0,0,0
598,2018/1/1,zone8,0,0,0,0,0,0,0
599,2018/1/1,zone9,0,0,0,0,0,0,0
600,2018/2/1,zone1,0,0,0,0,0,0,0
601,2018/2/1,zone10,0,0,0,0,0,0,0
602,2018/2/1,zone11,0,0,0,0,0,0,0
603,2018/2/1,zone12,0,0,0,0,0,0,0
604,2018/2/1,zone13,0,0,0,0,0,0,0
605,2018/2/1,zone14,0,0,0,0,0,0,0
606,2018/2/1,zone15,0,0,0,0,0,0,0
607,2018/2/1,zone16,0,0,0,0,0,0,0
608,2018/2/1,zone17,0,0,0,0,0,0,0
609,2018/2/1,zone18,0,0,0,0,0,0,0
610,2018/2/1,zone19,0,0,0,0,0,0,0
611,2018/2/1,zone2,0,0,0,0,0,0,0
612,2018/2/1,zone20,0,0,0,0,0,0,0
613,2018/2/1,zone21,0,0,0,0,0,0,0
614,2018/2/1,zone22,0,0,0,0,0,0,0
615,2018/2/1,zone23,0,0,0,0,0,0,0
616,2018/2/1,zone24,0,0,0,0,0,0,0
617,2018/2/1,zone3,11771395.34,3923798.446,3923798.446,2929769.506,2929769.506,92776278.5,727315279.9
618,2018/2/1,zone4,19140269.07,6380089.692,6380089.692,11115732.53,11115732.53,214371013.6,1082970205
619,2018/2/1,zone5,0,0,0,0,0,0,0
620,2018/2/1,zone6,0,0,0,0,0,0,0
621,2018/2/1,zone7,0,0,0,0,0,0,0
622,2018/2/1,zone8,0,0,0,0,0,0,0
623,2018/2/1,zone9,0,0,0,0,0,0,0
624,2018/3/1,zone1,0,0,0,0,0,0,0
625,2018/3/1,zone10,0,0,0,0,0,0,0
626,2018/3/1,zone11,0,0,0,0,0,0,0
627,2018/3/1,zone12,0,0,0,0,0,0,0
628,2018/3/1,zone13,0,0,0,0,0,0,0
629,2018/3/1,zone14,0,0,0,0,0,0,0
630,2018/3/1,zone15,0,0,0,0,0,0,0
631,2018/3/1,zone16,0,0,0,0,0,0,0
632,2018/3/1,zone17,0,0,0,0,0,0,0
633,2018/3/1,zone18,0,0,0,0,0,0,0
634,2018/3/1,zone19,0,0,0,0,0,0,0
635,2018/3/1,zone2,0,0,0,0,0,0,0
636,2018/3/1,zone20,0,0,0,0,0,0,0
637,2018/3/1,zone21,0,0,0,0,0,0,0
638,2018/3/1,zone22,0,0,0,0,0,0,0
639,2018/3/1,zone23,0,0,0,0,0,0,0
640,2018/3/1,zone24,0,0,0,0,0,0,0
641,2018/3/1,zone3,9631141.639,3210380.546,3210380.546,1990435.939,1990435.939,53078291.7,631631671.2
642,2018/3/1,zone4,28773365.02,9591121.673,9591121.673,18830568.89,18830568.89,277503120.4,1514374171
643,2018/3/1,zone5,0,0,0,0,0,0,0
644,2018/3/1,zone6,0,0,0,0,0,0,0
645,2018/3/1,zone7,0,0,0,0,0,0,0
646,2018/3/1,zone8,0,0,0,0,0,0,0
647,2018/3/1,zone9,0,0,0,0,0,0,0
648,2018/4/1,zone1,0,0,0,0,0,0,0
649,2018/4/1,zone10,0,0,0,0,0,0,0
650,2018/4/1,zone11,0,0,0,0,0,0,0
651,2018/4/1,zone12,0,0,0,0,0,0,0
652,2018/4/1,zone13,0,0,0,0,0,0,0
653,2018/4/1,zone14,0,0,0,0,0,0,0
654,2018/4/1,zone15,0,0,0,0,0,0,0
655,2018/4/1,zone16,0,0,0,0,0,0,0
656,2018/4/1,zone17,0,0,0,0,0,0,0
657,2018/4/1,zone18,0,0,0,0,0,0,0
658,2018/4/1,zone19,0,0,0,0,0,0,0
659,2018/4/1,zone2,0,0,0,0,0,0,0
660,2018/4/1,zone20,0,0,0,0,0,0,0
661,2018/4/1,zone21,0,0,0,0,0,0,0
662,2018/4/1,zone22,0,0,0,0,0,0,0
663,2018/4/1,zone23,0,0,0,0,0,0,0
664,2018/4/1,zone24,0,0,0,0,0,0,0
665,2018/4/1,zone3,13952807.76,4650935.92,4650935.92,2790561.552,2790561.552,65113102.88,855772209.2
666,2018/4/1,zone4,49109900.92,16369966.97,16369966.97,36013927.33,36013927.33,425619141.2,2452221052
667,2018/4/1,zone5,0,0,0,0,0,0,0
668,2018/4/1,zone6,0,0,0,0,0,0,0
669,2018/4/1,zone7,0,0,0,0,0,0,0
670,2018/4/1,zone8,0,0,0,0,0,0,0
671,2018/4/1,zone9,0,0,0,0,0,0,0
672,2018/5/1,zone1,0,0,0,0,0,0,0
673,2018/5/1,zone10,0,0,0,0,0,0,0
674,2018/5/1,zone11,0,0,0,0,0,0,0
675,2018/5/1,zone12,0,0,0,0,0,0,0
676,2018/5/1,zone13,0,0,0,0,0,0,0
677,2018/5/1,zone14,0,0,0,0,0,0,0
678,2018/5/1,zone15,0,0,0,0,0,0,0
679,2018/5/1,zone16,0,0,0,0,0,0,0
680,2018/5/1,zone17,0,0,0,0,0,0,0
681,2018/5/1,zone18,0,0,0,0,0,0,0
682,2018/5/1,zone19,0,0,0,0,0,0,0
683,2018/5/1,zone2,0,0,0,0,0,0,0
684,2018/5/1,zone20,0,0,0,0,0,0,0
685,2018/5/1,zone21,0,0,0,0,0,0,0
686,2018/5/1,zone22,0,0,0,0,0,0,0
687,2018/5/1,zone23,0,0,0,0,0,0,0
688,2018/5/1,zone24,0,0,0,0,0,0,0
689,2018/5/1,zone3,19138807.1,6379602.366,6379602.366,7251481.358,7251481.358,118660604,1078493046
690,2018/5/1,zone4,41932300.01,13977433.34,13977433.34,15887682.56,15887682.56,433300433.4,1998959333
691,2018/5/1,zone5,0,0,0,0,0,0,0
692,2018/5/1,zone6,0,0,0,0,0,0,0
693,2018/5/1,zone7,0,0,0,0,0,0,0
694,2018/5/1,zone8,0,0,0,0,0,0,0
695,2018/5/1,zone9,0,0,0,0,0,0,0
696,2018/6/1,zone1,0,0,0,0,0,0,0
697,2018/6/1,zone10,0,0,0,0,0,0,0
698,2018/6/1,zone11,0,0,0,0,0,0,0
699,2018/6/1,zone12,0,0,0,0,0,0,0
700,2018/6/1,zone13,0,0,0,0,0,0,0
701,2018/6/1,zone14,0,0,0,0,0,0,0
702,2018/6/1,zone15,0,0,0,0,0,0,0
703,2018/6/1,zone16,0,0,0,0,0,0,0
704,2018/6/1,zone17,0,0,0,0,0,0,0
705,2018/6/1,zone18,0,0,0,0,0,0,0
706,2018/6/1,zone19,0,0,0,0,0,0,0
707,2018/6/1,zone2,0,0,0,0,0,0,0
708,2018/6/1,zone20,0,0,0,0,0,0,0
709,2018/6/1,zone21,0,0,0,0,0,0,0
710,2018/6/1,zone22,0,0,0,0,0,0,0
711,2018/6/1,zone23,0,0,0,0,0,0,0
712,2018/6/1,zone24,0,0,0,0,0,0,0
713,2018/6/1,zone3,46509359.2,15503119.73,15503119.73,13952807.76,13952807.76,279056155.2,2387480439
714,2018/6/1,zone4,152366615.7,50788871.9,50788871.9,76183307.82,76183307.82,2031554875,6541606698
715,2018/6/1,zone5,0,0,0,0,0,0,0
716,2018/6/1,zone6,0,0,0,0,0,0,0
717,2018/6/1,zone7,0,0,0,0,0,0,0
718,2018/6/1,zone8,0,0,0,0,0,0,0
719,2018/6/1,zone9,0,0,0,0,0,0,0
720,2018/7/1,zone1,0,0,0,0,0,0,0
721,2018/7/1,zone10,0,0,0,0,0,0,0
722,2018/7/1,zone11,0,0,0,0,0,0,0
723,2018/7/1,zone12,0,0,0,0,0,0,0
724,2018/7/1,zone13,0,0,0,0,0,0,0
725,2018/7/1,zone14,0,0,0,0,0,0,0
726,2018/7/1,zone15,0,0,0,0,0,0,0
727,2018/7/1,zone16,0,0,0,0,0,0,0
728,2018/7/1,zone17,0,0,0,0,0,0,0
729,2018/7/1,zone18,0,0,0,0,0,0,0
730,2018/7/1,zone19,0,0,0,0,0,0,0
731,2018/7/1,zone2,0,0,0,0,0,0,0
732,2018/7/1,zone20,0,0,0,0,0,0,0
733,2018/7/1,zone21,0,0,0,0,0,0,0
734,2018/7/1,zone22,0,0,0,0,0,0,0
735,2018/7/1,zone23,0,0,0,0,0,0,0
736,2018/7/1,zone24,0,0,0,0,0,0,0
737,2018/7/1,zone3,31733376.94,10577792.31,10577792.31,9837346.851,9837346.851,306050790.9,1748861662
738,2018/7/1,zone4,98849415.92,32949805.31,32949805.31,34048132.15,34048132.15,885251436,4678213358
739,2018/7/1,zone5,0,0,0,0,0,0,0
740,2018/7/1,zone6,0,0,0,0,0,0,0
741,2018/7/1,zone7,0,0,0,0,0,0,0
742,2018/7/1,zone8,0,0,0,0,0,0,0
743,2018/7/1,zone9,0,0,0,0,0,0,0
744,2018/8/1,zone1,0,0,0,0,0,0,0
745,2018/8/1,zone10,0,0,0,0,0,0,0
746,2018/8/1,zone11,0,0,0,0,0,0,0
747,2018/8/1,zone12,0,0,0,0,0,0,0
748,2018/8/1,zone13,0,0,0,0,0,0,0
749,2018/8/1,zone14,0,0,0,0,0,0,0
750,2018/8/1,zone15,0,0,0,0,0,0,0
751,2018/8/1,zone16,0,0,0,0,0,0,0
752,2018/8/1,zone17,0,0,0,0,0,0,0
753,2018/8/1,zone18,0,0,0,0,0,0,0
754,2018/8/1,zone19,0,0,0,0,0,0,0
755,2018/8/1,zone2,0,0,0,0,0,0,0
756,2018/8/1,zone20,0,0,0,0,0,0,0
757,2018/8/1,zone21,0,0,0,0,0,0,0
758,2018/8/1,zone22,0,0,0,0,0,0,0
759,2018/8/1,zone23,0,0,0,0,0,0,0
760,2018/8/1,zone24,0,0,0,0,0,0,0
761,2018/8/1,zone3,30704408.82,10234802.94,10234802.94,6345577.822,6345577.822,317278891.1,1635043885
762,2018/8/1,zone4,108923241.8,36307747.25,36307747.25,45021606.59,45021606.59,1275612187,3766807752
763,2018/8/1,zone5,0,0,0,0,0,0,0
764,2018/8/1,zone6,0,0,0,0,0,0,0
765,2018/8/1,zone7,0,0,0,0,0,0,0
766,2018/8/1,zone8,0,0,0,0,0,0,0
767,2018/8/1,zone9,0,0,0,0,0,0,0
768,2018/9/1,zone1,0,0,0,0,0,0,0
769,2018/9/1,zone10,0,0,0,0,0,0,0
770,2018/9/1,zone11,0,0,0,0,0,0,0
771,2018/9/1,zone12,0,0,0,0,0,0,0
772,2018/9/1,zone13,0,0,0,0,0,0,0
773,2018/9/1,zone14,0,0,0,0,0,0,0
774,2018/9/1,zone15,0,0,0,0,0,0,0
775,2018/9/1,zone16,0,0,0,0,0,0,0
776,2018/9/1,zone17,0,0,0,0,0,0,0
777,2018/9/1,zone18,0,0,0,0,0,0,0
778,2018/9/1,zone19,0,0,0,0,0,0,0
779,2018/9/1,zone2,0,0,0,0,0,0,0
780,2018/9/1,zone20,0,0,0,0,0,0,0
781,2018/9/1,zone21,0,0,0,0,0,0,0
782,2018/9/1,zone22,0,0,0,0,0,0,0
783,2018/9/1,zone23,0,0,0,0,0,0,0
784,2018/9/1,zone24,0,0,0,0,0,0,0
785,2018/9/1,zone3,48978882.71,16326294.23,16326294.23,16326294.23,16326294.23,391831061.6,2514249312
786,2018/9/1,zone4,180069636.7,60023212.23,60023212.23,60023212.22,60023212.22,1800696367,9471662889
787,2018/9/1,zone5,0,0,0,0,0,0,0
788,2018/9/1,zone6,0,0,0,0,0,0,0
789,2018/9/1,zone7,0,0,0,0,0,0,0
790,2018/9/1,zone8,0,0,0,0,0,0,0
791,2018/9/1,zone9,0,0,0,0,0,0,0
792,2018/10/1,zone1,0,0,0,0,0,0,0
793,2018/10/1,zone10,0,0,0,0,0,0,0
794,2018/10/1,zone11,0,0,0,0,0,0,0
795,2018/10/1,zone12,0,0,0,0,0,0,0
796,2018/10/1,zone13,0,0,0,0,0,0,0
797,2018/10/1,zone14,0,0,0,0,0,0,0
798,2018/10/1,zone15,0,0,0,0,0,0,0
799,2018/10/1,zone16,0,0,0,0,0,0,0
800,2018/10/1,zone17,0,0,0,0,0,0,0
801,2018/10/1,zone18,0,0,0,0,0,0,0
802,2018/10/1,zone19,0,0,0,0,0,0,0
803,2018/10/1,zone2,0,0,0,0,0,0,0
804,2018/10/1,zone20,0,0,0,0,0,0,0
805,2018/10/1,zone21,0,0,0,0,0,0,0
806,2018/10/1,zone22,0,0,0,0,0,0,0
807,2018/10/1,zone23,0,0,0,0,0,0,0
808,2018/10/1,zone24,0,0,0,0,0,0,0
809,2018/10/1,zone3,24612917.52,8204305.843,8204305.843,4238891.351,4238891.351,203466784.8,1370009685
810,2018/10/1,zone4,55091234.98,18363745,18363745,24668630.78,24668630.78,455420876,3066500565
811,2018/10/1,zone5,0,0,0,0,0,0,0
812,2018/10/1,zone6,0,0,0,0,0,0,0
813,2018/10/1,zone7,0,0,0,0,0,0,0
814,2018/10/1,zone8,0,0,0,0,0,0,0
815,2018/10/1,zone9,0,0,0,0,0,0,0
816,2018/11/1,zone1,0,0,0,0,0,0,0
817,2018/11/1,zone10,0,0,0,0,0,0,0
818,2018/11/1,zone11,0,0,0,0,0,0,0
819,2018/11/1,zone12,0,0,0,0,0,0,0
820,2018/11/1,zone13,0,0,0,0,0,0,0
821,2018/11/1,zone14,0,0,0,0,0,0,0
822,2018/11/1,zone15,0,0,0,0,0,0,0
823,2018/11/1,zone16,0,0,0,0,0,0,0
824,2018/11/1,zone17,0,0,0,0,0,0,0
825,2018/11/1,zone18,0,0,0,0,0,0,0
826,2018/11/1,zone19,0,0,0,0,0,0,0
827,2018/11/1,zone2,0,0,0,0,0,0,0
828,2018/11/1,zone20,0,0,0,0,0,0,0
829,2018/11/1,zone21,0,0,0,0,0,0,0
830,2018/11/1,zone22,0,0,0,0,0,0,0
831,2018/11/1,zone23,0,0,0,0,0,0,0
832,2018/11/1,zone24,0,0,0,0,0,0,0
833,2018/11/1,zone3,17451299.38,5817099.793,5817099.793,2908549.897,2908549.897,151244594.6,1022646144
834,2018/11/1,zone4,59435572.39,19811857.46,19811857.46,29717786.19,29717786.19,356613434.3,2809321388
835,2018/11/1,zone5,0,0,0,0,0,0,0
836,2018/11/1,zone6,0,0,0,0,0,0,0
837,2018/11/1,zone7,0,0,0,0,0,0,0
838,2018/11/1,zone8,0,0,0,0,0,0,0
839,2018/11/1,zone9,0,0,0,0,0,0,0
840,2018/12/1,zone1,0,0,0,0,0,0,0
841,2018/12/1,zone10,0,0,0,0,0,0,0
842,2018/12/1,zone11,0,0,0,0,0,0,0
843,2018/12/1,zone12,0,0,0,0,0,0,0
844,2018/12/1,zone13,0,0,0,0,0,0,0
845,2018/12/1,zone14,0,0,0,0,0,0,0
846,2018/12/1,zone15,0,0,0,0,0,0,0
847,2018/12/1,zone16,0,0,0,0,0,0,0
848,2018/12/1,zone17,0,0,0,0,0,0,0
849,2018/12/1,zone18,0,0,0,0,0,0,0
850,2018/12/1,zone19,0,0,0,0,0,0,0
851,2018/12/1,zone2,0,0,0,0,0,0,0
852,2018/12/1,zone20,0,0,0,0,0,0,0
853,2018/12/1,zone21,0,0,0,0,0,0,0
854,2018/12/1,zone22,0,0,0,0,0,0,0
855,2018/12/1,zone23,0,0,0,0,0,0,0
856,2018/12/1,zone24,0,0,0,0,0,0,0
857,2018/12/1,zone3,23954377.92,7984792.642,7984792.642,9076047.635,9076047.635,198022857.5,1526426193
858,2018/12/1,zone4,45332216.22,15110738.74,15110738.74,26544531.06,26544531.06,562119481.2,2735648142
859,2018/12/1,zone5,0,0,0,0,0,0,0
860,2018/12/1,zone6,0,0,0,0,0,0,0
861,2018/12/1,zone7,0,0,0,0,0,0,0
862,2018/12/1,zone8,0,0,0,0,0,0,0
863,2018/12/1,zone9,0,0,0,0,0,0,0
864,2019/1/1,zone1,0,0,0,0,0,0,0
865,2019/1/1,zone10,0,0,0,0,0,0,0
866,2019/1/1,zone11,0,0,0,0,0,0,0
867,2019/1/1,zone12,0,0,0,0,0,0,0
868,2019/1/1,zone13,0,0,0,0,0,0,0
869,2019/1/1,zone14,0,0,0,0,0,0,0
870,2019/1/1,zone15,0,0,0,0,0,0,0
871,2019/1/1,zone16,0,0,0,0,0,0,0
872,2019/1/1,zone17,0,0,0,0,0,0,0
873,2019/1/1,zone18,0,0,0,0,0,0,0
874,2019/1/1,zone19,0,0,0,0,0,0,0
875,2019/1/1,zone2,0,0,0,0,0,0,0
876,2019/1/1,zone20,0,0,0,0,0,0,0
877,2019/1/1,zone21,0,0,0,0,0,0,0
878,2019/1/1,zone22,0,0,0,0,0,0,0
879,2019/1/1,zone23,0,0,0,0,0,0,0
880,2019/1/1,zone24,0,0,0,0,0,0,0
881,2019/1/1,zone3,16010744.01,5336914.668,5336914.668,4963330.642,4963330.642,121325860.1,1038990548
882,2019/1/1,zone4,38406460.97,12802153.65,12802153.65,26457784.22,26457784.22,423324547.6,2370617466
883,2019/1/1,zone5,0,0,0,0,0,0,0
884,2019/1/1,zone6,0,0,0,0,0,0,0
885,2019/1/1,zone7,0,0,0,0,0,0,0
886,2019/1/1,zone8,0,0,0,0,0,0,0
887,2019/1/1,zone9,0,0,0,0,0,0,0
888,2019/2/1,zone1,0,0,0,0,0,0,0
889,2019/2/1,zone10,0,0,0,0,0,0,0
890,2019/2/1,zone11,0,0,0,0,0,0,0
891,2019/2/1,zone12,0,0,0,0,0,0,0
892,2019/2/1,zone13,0,0,0,0,0,0,0
893,2019/2/1,zone14,0,0,0,0,0,0,0
894,2019/2/1,zone15,0,0,0,0,0,0,0
895,2019/2/1,zone16,0,0,0,0,0,0,0
896,2019/2/1,zone17,0,0,0,0,0,0,0
897,2019/2/1,zone18,0,0,0,0,0,0,0
898,2019/2/1,zone19,0,0,0,0,0,0,0
899,2019/2/1,zone2,0,0,0,0,0,0,0
900,2019/2/1,zone20,0,0,0,0,0,0,0
901,2019/2/1,zone21,0,0,0,0,0,0,0
902,2019/2/1,zone22,0,0,0,0,0,0,0
903,2019/2/1,zone23,0,0,0,0,0,0,0
904,2019/2/1,zone24,0,0,0,0,0,0,0
905,2019/2/1,zone3,21608330.6,7202776.867,7202776.867,5378073.394,5378073.394,26890366.97,1372753234
906,2019/2/1,zone4,62646604.37,20882201.45,20882201.45,23388065.63,23388065.63,506741422,3722600446
907,2019/2/1,zone5,0,0,0,0,0,0,0
908,2019/2/1,zone6,0,0,0,0,0,0,0
909,2019/2/1,zone7,0,0,0,0,0,0,0
910,2019/2/1,zone8,0,0,0,0,0,0,0
911,2019/2/1,zone9,0,0,0,0,0,0,0
912,2019/3/1,zone1,0,0,0,0,0,0,0
913,2019/3/1,zone10,0,0,0,0,0,0,0
914,2019/3/1,zone11,0,0,0,0,0,0,0
915,2019/3/1,zone12,0,0,0,0,0,0,0
916,2019/3/1,zone13,0,0,0,0,0,0,0
917,2019/3/1,zone14,0,0,0,0,0,0,0
918,2019/3/1,zone15,0,0,0,0,0,0,0
919,2019/3/1,zone16,0,0,0,0,0,0,0
920,2019/3/1,zone17,0,0,0,0,0,0,0
921,2019/3/1,zone18,0,0,0,0,0,0,0
922,2019/3/1,zone19,0,0,0,0,0,0,0
923,2019/3/1,zone2,0,0,0,0,0,0,0
924,2019/3/1,zone20,0,0,0,0,0,0,0
925,2019/3/1,zone21,0,0,0,0,0,0,0
926,2019/3/1,zone22,0,0,0,0,0,0,0
927,2019/3/1,zone23,0,0,0,0,0,0,0
928,2019/3/1,zone24,0,0,0,0,0,0,0
929,2019/3/1,zone3,58033802.2,19344600.73,19344600.73,37979899.43,37979899.43,439767256.5,3510142284
930,2019/3/1,zone4,108293627.6,36097875.88,36097875.88,41031252.25,41031252.25,1119034152,6415795807
931,2019/3/1,zone5,0,0,0,0,0,0,0
932,2019/3/1,zone6,0,0,0,0,0,0,0
933,2019/3/1,zone7,0,0,0,0,0,0,0
934,2019/3/1,zone8,0,0,0,0,0,0,0
935,2019/3/1,zone9,0,0,0,0,0,0,0
936,2019/4/1,zone1,0,0,0,0,0,0,0
937,2019/4/1,zone10,0,0,0,0,0,0,0
938,2019/4/1,zone11,0,0,0,0,0,0,0
939,2019/4/1,zone12,0,0,0,0,0,0,0
940,2019/4/1,zone13,0,0,0,0,0,0,0
941,2019/4/1,zone14,0,0,0,0,0,0,0
942,2019/4/1,zone15,0,0,0,0,0,0,0
943,2019/4/1,zone16,0,0,0,0,0,0,0
944,2019/4/1,zone17,0,0,0,0,0,0,0
945,2019/4/1,zone18,0,0,0,0,0,0,0
946,2019/4/1,zone19,0,0,0,0,0,0,0
947,2019/4/1,zone2,0,0,0,0,0,0,0
948,2019/4/1,zone20,0,0,0,0,0,0,0
949,2019/4/1,zone21,0,0,0,0,0,0,0
950,2019/4/1,zone22,0,0,0,0,0,0,0
951,2019/4/1,zone23,0,0,0,0,0,0,0
952,2019/4/1,zone24,0,0,0,0,0,0,0
953,2019/4/1,zone3,37248646.08,12416215.36,12416215.36,9932972.289,9932972.289,248324307.2,2408745780
954,2019/4/1,zone4,115848997,38616332.34,38616332.34,46339598.81,46339598.81,1081257305,6726965093
955,2019/4/1,zone5,0,0,0,0,0,0,0
956,2019/4/1,zone6,0,0,0,0,0,0,0
957,2019/4/1,zone7,0,0,0,0,0,0,0
958,2019/4/1,zone8,0,0,0,0,0,0,0
959,2019/4/1,zone9,0,0,0,0,0,0,0
960,2019/5/1,zone1,0,0,0,0,0,0,0
961,2019/5/1,zone10,0,0,0,0,0,0,0
962,2019/5/1,zone11,0,0,0,0,0,0,0
963,2019/5/1,zone12,0,0,0,0,0,0,0
964,2019/5/1,zone13,0,0,0,0,0,0,0
965,2019/5/1,zone14,0,0,0,0,0,0,0
966,2019/5/1,zone15,0,0,0,0,0,0,0
967,2019/5/1,zone16,0,0,0,0,0,0,0
968,2019/5/1,zone17,0,0,0,0,0,0,0
969,2019/5/1,zone18,0,0,0,0,0,0,0
970,2019/5/1,zone19,0,0,0,0,0,0,0
971,2019/5/1,zone2,0,0,0,0,0,0,0
972,2019/5/1,zone20,0,0,0,0,0,0,0
973,2019/5/1,zone21,0,0,0,0,0,0,0
974,2019/5/1,zone22,0,0,0,0,0,0,0
975,2019/5/1,zone23,0,0,0,0,0,0,0
976,2019/5/1,zone24,0,0,0,0,0,0,0
977,2019/5/1,zone3,29016901.09,9672300.366,9672300.366,6996297.263,6996297.263,279851890.5,1739079605
978,2019/5/1,zone4,81220220.73,27073406.91,27073406.91,13987926.9,13987926.9,671420491.4,4722324123
979,2019/5/1,zone5,0,0,0,0,0,0,0
980,2019/5/1,zone6,0,0,0,0,0,0,0
981,2019/5/1,zone7,0,0,0,0,0,0,0
982,2019/5/1,zone8,0,0,0,0,0,0,0
983,2019/5/1,zone9,0,0,0,0,0,0,0
984,2019/6/1,zone1,0,0,0,0,0,0,0
985,2019/6/1,zone10,0,0,0,0,0,0,0
986,2019/6/1,zone11,0,0,0,0,0,0,0
987,2019/6/1,zone12,0,0,0,0,0,0,0
988,2019/6/1,zone13,0,0,0,0,0,0,0
989,2019/6/1,zone14,0,0,0,0,0,0,0
990,2019/6/1,zone15,0,0,0,0,0,0,0
991,2019/6/1,zone16,0,0,0,0,0,0,0
992,2019/6/1,zone17,0,0,0,0,0,0,0
993,2019/6/1,zone18,0,0,0,0,0,0,0
994,2019/6/1,zone19,0,0,0,0,0,0,0
995,2019/6/1,zone2,0,0,0,0,0,0,0
996,2019/6/1,zone20,0,0,0,0,0,0,0
997,2019/6/1,zone21,0,0,0,0,0,0,0
998,2019/6/1,zone22,0,0,0,0,0,0,0
999,2019/6/1,zone23,0,0,0,0,0,0,0
1000,2019/6/1,zone24,0,0,0,0,0,0,0
1001,2019/6/1,zone3,78201577.4,26067192.47,26067192.47,13033596.24,13033596.24,729881389.2,4348007704
1002,2019/6/1,zone4,278289438.5,92763146.16,92763146.16,83486831.55,83486831.55,2782894385,14099998217
1003,2019/6/1,zone5,0,0,0,0,0,0,0
1004,2019/6/1,zone6,0,0,0,0,0,0,0
1005,2019/6/1,zone7,0,0,0,0,0,0,0
1006,2019/6/1,zone8,0,0,0,0,0,0,0
1007,2019/6/1,zone9,0,0,0,0,0,0,0
1008,2019/7/1,zone1,0,0,0,0,0,0,0
1009,2019/7/1,zone10,0,0,0,0,0,0,0
1010,2019/7/1,zone11,0,0,0,0,0,0,0
1011,2019/7/1,zone12,0,0,0,0,0,0,0
1012,2019/7/1,zone13,0,0,0,0,0,0,0
1013,2019/7/1,zone14,0,0,0,0,0,0,0
1014,2019/7/1,zone15,0,0,0,0,0,0,0
1015,2019/7/1,zone16,0,0,0,0,0,0,0
1016,2019/7/1,zone17,0,0,0,0,0,0,0
1017,2019/7/1,zone18,0,0,0,0,0,0,0
1018,2019/7/1,zone19,0,0,0,0,0,0,0
1019,2019/7/1,zone2,0,0,0,0,0,0,0
1020,2019/7/1,zone20,0,0,0,0,0,0,0
1021,2019/7/1,zone21,0,0,0,0,0,0,0
1022,2019/7/1,zone22,0,0,0,0,0,0,0
1023,2019/7/1,zone23,0,0,0,0,0,0,0
1024,2019/7/1,zone24,0,0,0,0,0,0,0
1025,2019/7/1,zone3,97546178.15,32515392.71,32515392.71,16799619.57,16799619.57,167996195.7,5449796588
1026,2019/7/1,zone4,244919890.4,81639963.46,81639963.46,50616777.36,50616777.36,2024671094,13329084704
1027,2019/7/1,zone5,0,0,0,0,0,0,0
1028,2019/7/1,zone6,0,0,0,0,0,0,0
1029,2019/7/1,zone7,0,0,0,0,0,0,0
1030,2019/7/1,zone8,0,0,0,0,0,0,0
1031,2019/7/1,zone9,0,0,0,0,0,0,0
1032,2019/8/1,zone1,0,0,0,0,0,0,0
1033,2019/8/1,zone10,0,0,0,0,0,0,0
1034,2019/8/1,zone11,0,0,0,0,0,0,0
1035,2019/8/1,zone12,0,0,0,0,0,0,0
1036,2019/8/1,zone13,0,0,0,0,0,0,0
1037,2019/8/1,zone14,0,0,0,0,0,0,0
1038,2019/8/1,zone15,0,0,0,0,0,0,0
1039,2019/8/1,zone16,0,0,0,0,0,0,0
1040,2019/8/1,zone17,0,0,0,0,0,0,0
1041,2019/8/1,zone18,0,0,0,0,0,0,0
1042,2019/8/1,zone19,0,0,0,0,0,0,0
1043,2019/8/1,zone2,0,0,0,0,0,0,0
1044,2019/8/1,zone20,0,0,0,0,0,0,0
1045,2019/8/1,zone21,0,0,0,0,0,0,0
1046,2019/8/1,zone22,0,0,0,0,0,0,0
1047,2019/8/1,zone23,0,0,0,0,0,0,0
1048,2019/8/1,zone24,0,0,0,0,0,0,0
1049,2019/8/1,zone3,29016901.09,9672300.366,9672300.366,3997884.15,3997884.15,239873049,1543183282
1050,2019/8/1,zone4,76183307.83,25394435.94,25394435.94,18368642,18368642,734745679.9,3301107376
1051,2019/8/1,zone5,0,0,0,0,0,0,0
1052,2019/8/1,zone6,0,0,0,0,0,0,0
1053,2019/8/1,zone7,0,0,0,0,0,0,0
1054,2019/8/1,zone8,0,0,0,0,0,0,0
1055,2019/8/1,zone9,0,0,0,0,0,0,0
1056,2019/9/1,zone1,0,0,0,0,0,0,0
1057,2019/9/1,zone10,0,0,0,0,0,0,0
1058,2019/9/1,zone11,0,0,0,0,0,0,0
1059,2019/9/1,zone12,0,0,0,0,0,0,0
1060,2019/9/1,zone13,0,0,0,0,0,0,0
1061,2019/9/1,zone14,0,0,0,0,0,0,0
1062,2019/9/1,zone15,0,0,0,0,0,0,0
1063,2019/9/1,zone16,0,0,0,0,0,0,0
1064,2019/9/1,zone17,0,0,0,0,0,0,0
1065,2019/9/1,zone18,0,0,0,0,0,0,0
1066,2019/9/1,zone19,0,0,0,0,0,0,0
1067,2019/9/1,zone2,0,0,0,0,0,0,0
1068,2019/9/1,zone20,0,0,0,0,0,0,0
1069,2019/9/1,zone21,0,0,0,0,0,0,0
1070,2019/9/1,zone22,0,0,0,0,0,0,0
1071,2019/9/1,zone23,0,0,0,0,0,0,0
1072,2019/9/1,zone24,0,0,0,0,0,0,0
1073,2019/9/1,zone3,12841522.19,4280507.395,4280507.395,2996355.177,2996355.177,102732177.5,580436802.8
1074,2019/9/1,zone4,39099036.49,13033012.16,13033012.16,9123108.515,9123108.515,338858316.3,1318940831
1075,2019/9/1,zone5,0,0,0,0,0,0,0
1076,2019/9/1,zone6,0,0,0,0,0,0,0
1077,2019/9/1,zone7,0,0,0,0,0,0,0
1078,2019/9/1,zone8,0,0,0,0,0,0,0
1079,2019/9/1,zone9,0,0,0,0,0,0,0
1080,2019/10/1,zone1,0,0,0,0,0,0,0
1081,2019/10/1,zone10,0,0,0,0,0,0,0
1082,2019/10/1,zone11,0,0,0,0,0,0,0
1083,2019/10/1,zone12,0,0,0,0,0,0,0
1084,2019/10/1,zone13,0,0,0,0,0,0,0
1085,2019/10/1,zone14,0,0,0,0,0,0,0
1086,2019/10/1,zone15,0,0,0,0,0,0,0
1087,2019/10/1,zone16,0,0,0,0,0,0,0
1088,2019/10/1,zone17,0,0,0,0,0,0,0
1089,2019/10/1,zone18,0,0,0,0,0,0,0
1090,2019/10/1,zone19,0,0,0,0,0,0,0
1091,2019/10/1,zone2,0,0,0,0,0,0,0
1092,2019/10/1,zone20,0,0,0,0,0,0,0
1093,2019/10/1,zone21,0,0,0,0,0,0,0
1094,2019/10/1,zone22,0,0,0,0,0,0,0
1095,2019/10/1,zone23,0,0,0,0,0,0,0
1096,2019/10/1,zone24,0,0,0,0,0,0,0
1097,2019/10/1,zone3,9919252.712,3306417.571,3306417.571,1708315.745,1708315.745,68332629.81,491994934.6
1098,2019/10/1,zone4,16432928.38,5477642.794,5477642.794,5660230.887,5660230.887,113204617.7,683755891.1
1099,2019/10/1,zone5,0,0,0,0,0,0,0
1100,2019/10/1,zone6,0,0,0,0,0,0,0
1101,2019/10/1,zone7,0,0,0,0,0,0,0
1102,2019/10/1,zone8,0,0,0,0,0,0,0
1103,2019/10/1,zone9,0,0,0,0,0,0,0
1104,2019/11/1,zone1,0,0,0,0,0,0,0
1105,2019/11/1,zone10,0,0,0,0,0,0,0
1106,2019/11/1,zone11,0,0,0,0,0,0,0
1107,2019/11/1,zone12,0,0,0,0,0,0,0
1108,2019/11/1,zone13,0,0,0,0,0,0,0
1109,2019/11/1,zone14,0,0,0,0,0,0,0
1110,2019/11/1,zone15,0,0,0,0,0,0,0
1111,2019/11/1,zone16,0,0,0,0,0,0,0
1112,2019/11/1,zone17,0,0,0,0,0,0,0
1113,2019/11/1,zone18,0,0,0,0,0,0,0
1114,2019/11/1,zone19,0,0,0,0,0,0,0
1115,2019/11/1,zone2,0,0,0,0,0,0,0
1116,2019/11/1,zone20,0,0,0,0,0,0,0
1117,2019/11/1,zone21,0,0,0,0,0,0,0
1118,2019/11/1,zone22,0,0,0,0,0,0,0
1119,2019/11/1,zone23,0,0,0,0,0,0,0
1120,2019/11/1,zone24,0,0,0,0,0,0,0
1121,2019/11/1,zone3,7202776.867,2400925.622,2400925.622,1680647.936,1680647.936,43216661.2,404796059.9
1122,2019/11/1,zone4,10199748.65,3399916.217,3399916.217,2719932.973,2719932.973,67998324.34,518827214.7
1123,2019/11/1,zone5,0,0,0,0,0,0,0
1124,2019/11/1,zone6,0,0,0,0,0,0,0
1125,2019/11/1,zone7,0,0,0,0,0,0,0
1126,2019/11/1,zone8,0,0,0,0,0,0,0
1127,2019/11/1,zone9,0,0,0,0,0,0,0
1128,2019/12/1,zone1,0,0,0,0,0,0,0
1129,2019/12/1,zone10,0,0,0,0,0,0,0
1130,2019/12/1,zone11,0,0,0,0,0,0,0
1131,2019/12/1,zone12,0,0,0,0,0,0,0
1132,2019/12/1,zone13,0,0,0,0,0,0,0
1133,2019/12/1,zone14,0,0,0,0,0,0,0
1134,2019/12/1,zone15,0,0,0,0,0,0,0
1135,2019/12/1,zone16,0,0,0,0,0,0,0
1136,2019/12/1,zone17,0,0,0,0,0,0,0
1137,2019/12/1,zone18,0,0,0,0,0,0,0
1138,2019/12/1,zone19,0,0,0,0,0,0,0
1139,2019/12/1,zone2,0,0,0,0,0,0,0
1140,2019/12/1,zone20,0,0,0,0,0,0,0
1141,2019/12/1,zone21,0,0,0,0,0,0,0
1142,2019/12/1,zone22,0,0,0,0,0,0,0
1143,2019/12/1,zone23,0,0,0,0,0,0,0
1144,2019/12/1,zone24,0,0,0,0,0,0,0
1145,2019/12/1,zone3,3580809.071,1193603.024,1193603.024,863372.8538,863372.8538,29601354.99,260245245.9
1146,2019/12/1,zone4,9066443.244,3022147.748,3022147.748,2810597.406,2810597.406,74949264.16,534638084.3
1147,2019/12/1,zone5,0,0,0,0,0,0,0
1148,2019/12/1,zone6,0,0,0,0,0,0,0
1149,2019/12/1,zone7,0,0,0,0,0,0,0
1150,2019/12/1,zone8,0,0,0,0,0,0,0
1151,2019/12/1,zone9,0,0,0,0,0,0,0
1152,2020/1/1,zone1,0,0,0,0,0,0,0
1153,2020/1/1,zone10,0,0,0,0,0,0,0
1154,2020/1/1,zone11,0,0,0,0,0,0,0
1155,2020/1/1,zone12,0,0,0,0,0,0,0
1156,2020/1/1,zone13,0,0,0,0,0,0,0
1157,2020/1/1,zone14,0,0,0,0,0,0,0
1158,2020/1/1,zone15,0,0,0,0,0,0,0
1159,2020/1/1,zone16,0,0,0,0,0,0,0
1160,2020/1/1,zone17,0,0,0,0,0,0,0
1161,2020/1/1,zone18,0,0,0,0,0,0,0
1162,2020/1/1,zone19,0,0,0,0,0,0,0
1163,2020/1/1,zone2,0,0,0,0,0,0,0
1164,2020/1/1,zone20,0,0,0,0,0,0,0
1165,2020/1/1,zone21,0,0,0,0,0,0,0
1166,2020/1/1,zone22,0,0,0,0,0,0,0
1167,2020/1/1,zone23,0,0,0,0,0,0,0
1168,2020/1/1,zone24,0,0,0,0,0,0,0
1169,2020/1/1,zone3,2053820.375,684606.7918,684606.7918,473976.1021,473976.1021,21222810.54,147144819.8
1170,2020/1/1,zone4,7618330.783,2539443.594,2539443.594,2020550.62,2020550.62,73474567.99,398861940.5
1171,2020/1/1,zone5,0,0,0,0,0,0,0
1172,2020/1/1,zone6,0,0,0,0,0,0,0
1173,2020/1/1,zone7,0,0,0,0,0,0,0
1174,2020/1/1,zone8,0,0,0,0,0,0,0
1175,2020/1/1,zone9,0,0,0,0,0,0,0
1176,2020/2/1,zone1,0,0,0,0,0,0,0
1177,2020/2/1,zone10,0,0,0,0,0,0,0
1178,2020/2/1,zone11,0,0,0,0,0,0,0
1179,2020/2/1,zone12,0,0,0,0,0,0,0
1180,2020/2/1,zone13,0,0,0,0,0,0,0
1181,2020/2/1,zone14,0,0,0,0,0,0,0
1182,2020/2/1,zone15,0,0,0,0,0,0,0
1183,2020/2/1,zone16,0,0,0,0,0,0,0
1184,2020/2/1,zone17,0,0,0,0,0,0,0
1185,2020/2/1,zone18,0,0,0,0,0,0,0
1186,2020/2/1,zone19,0,0,0,0,0,0,0
1187,2020/2/1,zone2,0,0,0,0,0,0,0
1188,2020/2/1,zone20,0,0,0,0,0,0,0
1189,2020/2/1,zone21,0,0,0,0,0,0,0
1190,2020/2/1,zone22,0,0,0,0,0,0,0
1191,2020/2/1,zone23,0,0,0,0,0,0,0
1192,2020/2/1,zone24,0,0,0,0,0,0,0
1193,2020/2/1,zone3,3864804.273,1288268.091,1288268.091,871728.0749,871728.0749,19925213.14,221667996.2
1194,2020/2/1,zone4,27325252.56,9108417.518,9108417.518,8804803.602,8804803.602,176096072,1514426219
1195,2020/2/1,zone5,0,0,0,0,0,0,0
1196,2020/2/1,zone6,0,0,0,0,0,0,0
1197,2020/2/1,zone7,0,0,0,0,0,0,0
1198,2020/2/1,zone8,0,0,0,0,0,0,0
1199,2020/2/1,zone9,0,0,0,0,0,0,0
1200,2020/3/1,zone1,0,0,0,0,0,0,0
1201,2020/3/1,zone10,0,0,0,0,0,0,0
1202,2020/3/1,zone11,0,0,0,0,0,0,0
1203,2020/3/1,zone12,0,0,0,0,0,0,0
1204,2020/3/1,zone13,0,0,0,0,0,0,0
1205,2020/3/1,zone14,0,0,0,0,0,0,0
1206,2020/3/1,zone15,0,0,0,0,0,0,0
1207,2020/3/1,zone16,0,0,0,0,0,0,0
1208,2020/3/1,zone17,0,0,0,0,0,0,0
1209,2020/3/1,zone18,0,0,0,0,0,0,0
1210,2020/3/1,zone19,0,0,0,0,0,0,0
1211,2020/3/1,zone2,0,0,0,0,0,0,0
1212,2020/3/1,zone20,0,0,0,0,0,0,0
1213,2020/3/1,zone21,0,0,0,0,0,0,0
1214,2020/3/1,zone22,0,0,0,0,0,0,0
1215,2020/3/1,zone23,0,0,0,0,0,0,0
1216,2020/3/1,zone24,0,0,0,0,0,0,0
1217,2020/3/1,zone3,18686061.13,6228687.041,6228687.041,4505416.961,4505416.961,373305976.8,1081300071
1218,2020/3/1,zone4,75553693.7,25184564.57,25184564.57,33831265.07,33831265.07,1353250603,4267944209
1219,2020/3/1,zone5,0,0,0,0,0,0,0
1220,2020/3/1,zone6,0,0,0,0,0,0,0
1221,2020/3/1,zone7,0,0,0,0,0,0,0
1222,2020/3/1,zone8,0,0,0,0,0,0,0
1223,2020/3/1,zone9,0,0,0,0,0,0,0
1224,2020/4/1,zone1,0,0,0,0,0,0,0
1225,2020/4/1,zone10,0,0,0,0,0,0,0
1226,2020/4/1,zone11,0,0,0,0,0,0,0
1227,2020/4/1,zone12,0,0,0,0,0,0,0
1228,2020/4/1,zone13,0,0,0,0,0,0,0
1229,2020/4/1,zone14,0,0,0,0,0,0,0
1230,2020/4/1,zone15,0,0,0,0,0,0,0
1231,2020/4/1,zone16,0,0,0,0,0,0,0
1232,2020/4/1,zone17,0,0,0,0,0,0,0
1233,2020/4/1,zone18,0,0,0,0,0,0,0
1234,2020/4/1,zone19,0,0,0,0,0,0,0
1235,2020/4/1,zone2,0,0,0,0,0,0,0
1236,2020/4/1,zone20,0,0,0,0,0,0,0
1237,2020/4/1,zone21,0,0,0,0,0,0,0
1238,2020/4/1,zone22,0,0,0,0,0,0,0
1239,2020/4/1,zone23,0,0,0,0,0,0,0
1240,2020/4/1,zone24,0,0,0,0,0,0,0
1241,2020/4/1,zone3,30622091.36,10207363.79,10207363.79,7145154.652,7145154.652,204147275.8,1857740209
1242,2020/4/1,zone4,78072150.15,26024050.06,26024050.06,41638480.09,41638480.09,676625301.4,4372040409
1243,2020/4/1,zone5,0,0,0,0,0,0,0
1244,2020/4/1,zone6,0,0,0,0,0,0,0
1245,2020/4/1,zone7,0,0,0,0,0,0,0
1246,2020/4/1,zone8,0,0,0,0,0,0,0
1247,2020/4/1,zone9,0,0,0,0,0,0,0
1248,2020/5/1,zone1,0,0,0,0,0,0,0
1249,2020/5/1,zone10,0,0,0,0,0,0,0
1250,2020/5/1,zone11,0,0,0,0,0,0,0
1251,2020/5/1,zone12,0,0,0,0,0,0,0
1252,2020/5/1,zone13,0,0,0,0,0,0,0
1253,2020/5/1,zone14,0,0,0,0,0,0,0
1254,2020/5/1,zone15,0,0,0,0,0,0,0
1255,2020/5/1,zone16,0,0,0,0,0,0,0
1256,2020/5/1,zone17,0,0,0,0,0,0,0
1257,2020/5/1,zone18,0,0,0,0,0,0,0
1258,2020/5/1,zone19,0,0,0,0,0,0,0
1259,2020/5/1,zone2,0,0,0,0,0,0,0
1260,2020/5/1,zone20,0,0,0,0,0,0,0
1261,2020/5/1,zone21,0,0,0,0,0,0,0
1262,2020/5/1,zone22,0,0,0,0,0,0,0
1263,2020/5/1,zone23,0,0,0,0,0,0,0
1264,2020/5/1,zone24,0,0,0,0,0,0,0
1265,2020/5/1,zone3,28193726.59,9397908.865,9397908.865,7768937.994,7768937.994,213645794.8,1573209944
1266,2020/5/1,zone4,44891486.32,14963828.78,14963828.78,12833977.15,12833977.15,371102953.8,2133841984
1267,2020/5/1,zone5,0,0,0,0,0,0,0
1268,2020/5/1,zone6,0,0,0,0,0,0,0
1269,2020/5/1,zone7,0,0,0,0,0,0,0
1270,2020/5/1,zone8,0,0,0,0,0,0,0
1271,2020/5/1,zone9,0,0,0,0,0,0,0
1272,2020/6/1,zone1,0,0,0,0,0,0,0
1273,2020/6/1,zone10,0,0,0,0,0,0,0
1274,2020/6/1,zone11,0,0,0,0,0,0,0
1275,2020/6/1,zone12,0,0,0,0,0,0,0
1276,2020/6/1,zone13,0,0,0,0,0,0,0
1277,2020/6/1,zone14,0,0,0,0,0,0,0
1278,2020/6/1,zone15,0,0,0,0,0,0,0
1279,2020/6/1,zone16,0,0,0,0,0,0,0
1280,2020/6/1,zone17,0,0,0,0,0,0,0
1281,2020/6/1,zone18,0,0,0,0,0,0,0
1282,2020/6/1,zone19,0,0,0,0,0,0,0
1283,2020/6/1,zone2,0,0,0,0,0,0,0
1284,2020/6/1,zone20,0,0,0,0,0,0,0
1285,2020/6/1,zone21,0,0,0,0,0,0,0
1286,2020/6/1,zone22,0,0,0,0,0,0,0
1287,2020/6/1,zone23,0,0,0,0,0,0,0
1288,2020/6/1,zone24,0,0,0,0,0,0,0
1289,2020/6/1,zone3,59680151.18,19893383.73,19893383.73,7957353.491,7957353.491,437654442,3302301699
1290,2020/6/1,zone4,98849415.92,32949805.31,32949805.31,31961311.15,31961311.15,988494159.3,5008370407
1291,2020/6/1,zone5,0,0,0,0,0,0,0
1292,2020/6/1,zone6,0,0,0,0,0,0,0
1293,2020/6/1,zone7,0,0,0,0,0,0,0
1294,2020/6/1,zone8,0,0,0,0,0,0,0
1295,2020/6/1,zone9,0,0,0,0,0,0,0
1296,2020/7/1,zone1,0,0,0,0,0,0,0
1297,2020/7/1,zone10,0,0,0,0,0,0,0
1298,2020/7/1,zone11,0,0,0,0,0,0,0
1299,2020/7/1,zone12,0,0,0,0,0,0,0
1300,2020/7/1,zone13,0,0,0,0,0,0,0
1301,2020/7/1,zone14,0,0,0,0,0,0,0
1302,2020/7/1,zone15,0,0,0,0,0,0,0
1303,2020/7/1,zone16,0,0,0,0,0,0,0
1304,2020/7/1,zone17,0,0,0,0,0,0,0
1305,2020/7/1,zone18,0,0,0,0,0,0,0
1306,2020/7/1,zone19,0,0,0,0,0,0,0
1307,2020/7/1,zone2,0,0,0,0,0,0,0
1308,2020/7/1,zone20,0,0,0,0,0,0,0
1309,2020/7/1,zone21,0,0,0,0,0,0,0
1310,2020/7/1,zone22,0,0,0,0,0,0,0
1311,2020/7/1,zone23,0,0,0,0,0,0,0
1312,2020/7/1,zone24,0,0,0,0,0,0,0
1313,2020/7/1,zone3,11853712.79,3951237.596,3951237.596,1347372.02,1347372.02,57161237.21,628773609.4
1314,2020/7/1,zone4,42121184.24,14040394.75,14040394.75,13057567.11,13057567.11,290168158.1,1770025764
1315,2020/7/1,zone5,0,0,0,0,0,0,0
1316,2020/7/1,zone6,0,0,0,0,0,0,0
1317,2020/7/1,zone7,0,0,0,0,0,0,0
1318,2020/7/1,zone8,0,0,0,0,0,0,0
1319,2020/7/1,zone9,0,0,0,0,0,0,0
1320,2020/8/1,zone1,0,0,0,0,0,0,0
1321,2020/8/1,zone10,0,0,0,0,0,0,0
1322,2020/8/1,zone11,0,0,0,0,0,0,0
1323,2020/8/1,zone12,0,0,0,0,0,0,0
1324,2020/8/1,zone13,0,0,0,0,0,0,0
1325,2020/8/1,zone14,0,0,0,0,0,0,0
1326,2020/8/1,zone15,0,0,0,0,0,0,0
1327,2020/8/1,zone16,0,0,0,0,0,0,0
1328,2020/8/1,zone17,0,0,0,0,0,0,0
1329,2020/8/1,zone18,0,0,0,0,0,0,0
1330,2020/8/1,zone19,0,0,0,0,0,0,0
1331,2020/8/1,zone2,0,0,0,0,0,0,0
1332,2020/8/1,zone20,0,0,0,0,0,0,0
1333,2020/8/1,zone21,0,0,0,0,0,0,0
1334,2020/8/1,zone22,0,0,0,0,0,0,0
1335,2020/8/1,zone23,0,0,0,0,0,0,0
1336,2020/8/1,zone24,0,0,0,0,0,0,0
1337,2020/8/1,zone3,10618951.04,3539650.346,3539650.346,987562.4465,987562.4465,43891664.29,570591635.8
1338,2020/8/1,zone4,24869757.51,8289919.171,8289919.171,8566249.81,8566249.81,359782492,873757480.6
1339,2020/8/1,zone5,0,0,0,0,0,0,0
1340,2020/8/1,zone6,0,0,0,0,0,0,0
1341,2020/8/1,zone7,0,0,0,0,0,0,0
1342,2020/8/1,zone8,0,0,0,0,0,0,0
1343,2020/8/1,zone9,0,0,0,0,0,0,0
1344,2020/9/1,zone1,0,0,0,0,0,0,0
1345,2020/9/1,zone10,0,0,0,0,0,0,0
1346,2020/9/1,zone11,0,0,0,0,0,0,0
1347,2020/9/1,zone12,0,0,0,0,0,0,0
1348,2020/9/1,zone13,0,0,0,0,0,0,0
1349,2020/9/1,zone14,0,0,0,0,0,0,0
1350,2020/9/1,zone15,0,0,0,0,0,0,0
1351,2020/9/1,zone16,0,0,0,0,0,0,0
1352,2020/9/1,zone17,0,0,0,0,0,0,0
1353,2020/9/1,zone18,0,0,0,0,0,0,0
1354,2020/9/1,zone19,0,0,0,0,0,0,0
1355,2020/9/1,zone2,0,0,0,0,0,0,0
1356,2020/9/1,zone20,0,0,0,0,0,0,0
1357,2020/9/1,zone21,0,0,0,0,0,0,0
1358,2020/9/1,zone22,0,0,0,0,0,0,0
1359,2020/9/1,zone23,0,0,0,0,0,0,0
1360,2020/9/1,zone24,0,0,0,0,0,0,0
1361,2020/9/1,zone3,10042728.89,3347576.296,3347576.296,1539885.096,1539885.096,53561220.74,522221902.2
1362,2020/9/1,zone4,31921435.59,10640478.53,10640478.53,13087788.59,13087788.59,170247656.5,915081153.6
1363,2020/9/1,zone5,0,0,0,0,0,0,0
1364,2020/9/1,zone6,0,0,0,0,0,0,0
1365,2020/9/1,zone7,0,0,0,0,0,0,0
1366,2020/9/1,zone8,0,0,0,0,0,0,0
1367,2020/9/1,zone9,0,0,0,0,0,0,0
1368,2020/10/1,zone1,0,0,0,0,0,0,0
1369,2020/10/1,zone10,0,0,0,0,0,0,0
1370,2020/10/1,zone11,0,0,0,0,0,0,0
1371,2020/10/1,zone12,0,0,0,0,0,0,0
1372,2020/10/1,zone13,0,0,0,0,0,0,0
1373,2020/10/1,zone14,0,0,0,0,0,0,0
1374,2020/10/1,zone15,0,0,0,0,0,0,0
1375,2020/10/1,zone16,0,0,0,0,0,0,0
1376,2020/10/1,zone17,0,0,0,0,0,0,0
1377,2020/10/1,zone18,0,0,0,0,0,0,0
1378,2020/10/1,zone19,0,0,0,0,0,0,0
1379,2020/10/1,zone2,0,0,0,0,0,0,0
1380,2020/10/1,zone20,0,0,0,0,0,0,0
1381,2020/10/1,zone21,0,0,0,0,0,0,0
1382,2020/10/1,zone22,0,0,0,0,0,0,0
1383,2020/10/1,zone23,0,0,0,0,0,0,0
1384,2020/10/1,zone24,0,0,0,0,0,0,0
1385,2020/10/1,zone3,8849125.865,2949708.622,2949708.622,1371614.509,1371614.509,60960644.85,499877287.7
1386,2020/10/1,zone4,16936619.67,5645539.892,5645539.892,5833724.554,5833724.554,128341940.2,723381844.7
1387,2020/10/1,zone5,0,0,0,0,0,0,0
1388,2020/10/1,zone6,0,0,0,0,0,0,0
1389,2020/10/1,zone7,0,0,0,0,0,0,0
1390,2020/10/1,zone8,0,0,0,0,0,0,0
1391,2020/10/1,zone9,0,0,0,0,0,0,0
1392,2020/11/1,zone1,0,0,0,0,0,0,0
1393,2020/11/1,zone10,0,0,0,0,0,0,0
1394,2020/11/1,zone11,0,0,0,0,0,0,0
1395,2020/11/1,zone12,0,0,0,0,0,0,0
1396,2020/11/1,zone13,0,0,0,0,0,0,0
1397,2020/11/1,zone14,0,0,0,0,0,0,0
1398,2020/11/1,zone15,0,0,0,0,0,0,0
1399,2020/11/1,zone16,0,0,0,0,0,0,0
1400,2020/11/1,zone17,0,0,0,0,0,0,0
1401,2020/11/1,zone18,0,0,0,0,0,0,0
1402,2020/11/1,zone19,0,0,0,0,0,0,0
1403,2020/11/1,zone2,0,0,0,0,0,0,0
1404,2020/11/1,zone20,0,0,0,0,0,0,0
1405,2020/11/1,zone21,0,0,0,0,0,0,0
1406,2020/11/1,zone22,0,0,0,0,0,0,0
1407,2020/11/1,zone23,0,0,0,0,0,0,0
1408,2020/11/1,zone24,0,0,0,0,0,0,0
1409,2020/11/1,zone3,1078358.594,359452.8646,359452.8646,222860.776,222860.776,9345774.479,61825892.71
1410,2020/11/1,zone4,7870176.428,2623392.143,2623392.143,2885731.357,2885731.357,57714627.14,367274900
1411,2020/11/1,zone5,0,0,0,0,0,0,0
1412,2020/11/1,zone6,0,0,0,0,0,0,0
1413,2020/11/1,zone7,0,0,0,0,0,0,0
1414,2020/11/1,zone8,0,0,0,0,0,0,0
1415,2020/11/1,zone9,0,0,0,0,0,0,0
1416,2020/12/1,zone1,0,0,0,0,0,0,0
1417,2020/12/1,zone10,0,0,0,0,0,0,0
1418,2020/12/1,zone11,0,0,0,0,0,0,0
1419,2020/12/1,zone12,0,0,0,0,0,0,0
1420,2020/12/1,zone13,0,0,0,0,0,0,0
1421,2020/12/1,zone14,0,0,0,0,0,0,0
1422,2020/12/1,zone15,0,0,0,0,0,0,0
1423,2020/12/1,zone16,0,0,0,0,0,0,0
1424,2020/12/1,zone17,0,0,0,0,0,0,0
1425,2020/12/1,zone18,0,0,0,0,0,0,0
1426,2020/12/1,zone19,0,0,0,0,0,0,0
1427,2020/12/1,zone2,0,0,0,0,0,0,0
1428,2020/12/1,zone20,0,0,0,0,0,0,0
1429,2020/12/1,zone21,0,0,0,0,0,0,0
1430,2020/12/1,zone22,0,0,0,0,0,0,0
1431,2020/12/1,zone23,0,0,0,0,0,0,0
1432,2020/12/1,zone24,0,0,0,0,0,0,0
1433,2020/12/1,zone3,5103681.895,1701227.298,1701227.298,949284.8323,949284.8323,35158697.49,334007626.2
1434,2020/12/1,zone4,11207131.23,3735710.411,3735710.411,3744427.069,3744427.069,84925150.01,540432772.8
1435,2020/12/1,zone5,0,0,0,0,0,0,0
1436,2020/12/1,zone6,0,0,0,0,0,0,0
1437,2020/12/1,zone7,0,0,0,0,0,0,0
1438,2020/12/1,zone8,0,0,0,0,0,0,0
1439,2020/12/1,zone9,0,0,0,0,0,0,0
