sta_num,from,zone,zone_new,date,year,mon,day_real,month,no,nh,cha
F6,huanbao,2,0,2016/4/8,2016,4,8,5,0.5315,0.079,1.205
F11,huanbao,3,0,2016/4/7,2016,4,7,5,0.2885,0.107,0.655
F10,huanbao,3,0,2016/4/8,2016,4,8,5,0.256,0.021,3.63
F9,huanbao,1,0,2016/4/8,2016,4,8,5,0.407,0.104,1.94
F12,huanbao,5,0,2016/4/21,2016,4,21,5,0.099,0.00233,0.67
F8,huanbao,1,0,2016/4/8,2016,4,8,5,0.5125,0.133,1.275
F7,huanbao,2,0,2016/4/8,2016,4,8,5,0.495,0.0705,1.1
F6,huanbao,2,0,2016/7/5,2016,7,5,8,0.6845,0.062,5.8442
F11,huanbao,3,0,2016/7/6,2016,7,6,8,0.4075,0.042,7.9169
F10,huanbao,3,0,2016/7/5,2016,7,5,8,0.366,0.03367,7.7428
F9,huanbao,1,0,2016/7/5,2016,7,5,8,0.907,0.066,2.6366
F12,huanbao,5,0,2016/7/18,2016,7,18,8,0.05,0.00267,1.535
F8,huanbao,1,0,2016/7/5,2016,7,5,8,0.778,0.1005,5.8414
F7,huanbao,2,0,2016/7/5,2016,7,5,8,0.5305,0.054,4.3177
F6,huanbao,2,0,2016/10/9,2016,10,9,11,0.5995,0.0235,1.085
F11,huanbao,3,0,2016/10/9,2016,10,9,11,0.5095,0.006,1.845
F10,huanbao,3,0,2016/10/9,2016,10,9,11,0.533,0.007,0.7525
F9,huanbao,1,0,2016/10/9,2016,10,9,11,0.55,0.028,0.409
F12,huanbao,5,0,2016/10/24,2016,10,24,11,0.2857,0.00467,0.7703
F8,huanbao,1,0,2016/10/9,2016,10,9,11,0.5405,0.0305,1.1185
F7,huanbao,2,0,2016/10/9,2016,10,9,11,0.5975,0.007,0.5435
F6,huanbao,2,0,2017/4/11,2017,4,11,5,0.489,0.096,1.215
F11,huanbao,3,0,2017/4/11,2017,4,11,5,0.213,0.1005,0.7215
F10,huanbao,3,0,2017/4/11,2017,4,11,5,0.3177,0.073,0.98
F9,huanbao,1,0,2017/4/11,2017,4,11,5,0.509,0.078,3.78
F12,huanbao,5,0,2017/3/18,2017,3,18,5,0.327,0.01433,0.736
F8,huanbao,1,0,2017/4/11,2017,4,11,5,0.4225,0.128,0.596
F7,huanbao,2,0,2017/4/11,2017,4,11,5,0.433,0.105,0.9505
F6,huanbao,2,0,2017/7/12,2017,7,12,8,0.3655,0.0375,
F11,huanbao,3,0,2017/7/12,2017,7,12,8,0.2705,0.045,
F10,huanbao,3,0,2017/7/12,2017,7,12,8,0.231,0.03167,
F9,huanbao,1,0,2017/7/12,2017,7,12,8,0.294,0.079,
F12,huanbao,5,0,2017/7/5,2017,7,5,8,0.0773,0.01633,
F8,huanbao,1,0,2017/7/12,2017,7,12,8,0.381,0.04233,
F7,huanbao,2,0,2017/7/12,2017,7,12,8,0.333,0.0455,
F6,huanbao,2,0,2017/10/10,2017,10,10,11,0.545,0.02,
F11,huanbao,3,0,2017/10/10,2017,10,10,11,0.4685,0.0365,
F10,huanbao,3,0,2017/10/10,2017,10,10,11,0.4367,0.02067,
F9,huanbao,1,0,2017/10/10,2017,10,10,11,0.448,0.036,
F12,huanbao,5,0,2017/9/7,2017,9,7,11,0.072,0.00867,
F8,huanbao,1,0,2017/10/10,2017,10,10,11,0.4885,0.02,
F7,huanbao,2,0,2017/10/10,2017,10,10,11,0.4935,0.024,
F6,huanbao,2,0,2018/4/18,2018,4,18,5,0.551,0.165,
F11,huanbao,3,0,2018/4/18,2018,4,18,5,0.4245,0.2785,
F10,huanbao,3,0,2018/4/18,2018,4,18,5,0.4033,0.11767,
F9,huanbao,1,0,2018/4/18,2018,4,18,5,0.46,0.109,
F12,huanbao,5,0,2018/5/4,2018,5,4,5,0.1137,0.03567,
F8,huanbao,1,0,2018/4/18,2018,4,18,5,0.5505,0.269,
F7,huanbao,2,0,2018/4/18,2018,4,18,5,0.4815,0.1725,
F6,huanbao,2,0,2018/7/18,2018,7,18,8,0.6775,0.0405,
F11,huanbao,3,0,2018/8/1,2018,8,1,8,0.3465,0.001,
F10,huanbao,3,0,2018/7/18,2018,7,18,8,0.3783,0.02267,
F9,huanbao,1,0,2018/7/18,2018,7,18,8,0.42,0.034,
F12,huanbao,5,0,2018/7/14,2018,7,14,8,0.2197,0.02833,
F8,huanbao,1,0,2018/7/18,2018,7,18,8,0.573,0.029,
F7,huanbao,2,0,2018/7/18,2018,7,18,8,0.5555,0.026,
F6,huanbao,2,0,2018/9/18,2018,9,18,11,0.6285,0.0225,
F11,huanbao,3,0,2018/9/18,2018,9,18,11,0.406,0.0475,
F10,huanbao,3,0,2018/9/18,2018,9,18,11,0.4833,0.046,
F9,huanbao,1,0,2018/9/18,2018,9,18,11,0.427,0.012,
F12,huanbao,5,0,2018/10/16,2018,10,16,11,0.355,0.00733,
F8,huanbao,1,0,2018/9/18,2018,9,18,11,0.536,0.0675,
F7,huanbao,2,0,2018/9/18,2018,9,18,11,0.611,0.0115,
SS08,haiyang,2,2,2015/1/7,2015,1,7,2,0.601,0.051,
SS10,haiyang,2,2,2015/1/7,2015,1,7,2,0.583,0.053,
SS11,haiyang,2,1,2015/1/7,2015,1,7,2,0.612,0.062,
SS15,haiyang,1,1,2015/1/8,2015,1,8,2,0.566,0.036,
SS17,haiyang,1,1,2015/1/8,2015,1,8,2,0.551,0.053,
SS18,haiyang,4,4,2015/1/8,2015,1,8,2,0.535,0.05,
SS19,haiyang,4,4,2015/1/8,2015,1,8,2,0.528,0.043,
SS20,haiyang,3,3,2015/1/8,2015,1,8,2,0.511,0.041,
SS21,haiyang,3,0,2015/1/8,2015,1,8,2,0.52,0.048,
SS22,haiyang,3,3,2015/1/8,2015,1,8,2,0.526,0.051,
SS23,haiyang,4,5,2015/1/8,2015,1,8,2,0.496,0.04,
SS24,haiyang,4,5,2015/1/8,2015,1,8,2,0.491,0.039,
SS08,haiyang,2,2,2015/5/20,2015,5,20,5,0.441,0.046,
SS09,haiyang,2,2,2015/5/20,2015,5,20,5,0.423,0.054,
SS10,haiyang,2,2,2015/5/20,2015,5,20,5,0.324,0.045,
SS11,haiyang,2,1,2015/5/20,2015,5,20,5,0.364,0.06,
SS15,haiyang,1,1,2015/5/19,2015,5,19,5,0.267,0.09,
SS16,haiyang,1,1,2015/5/19,2015,5,19,5,0.241,0.077,
SS17,haiyang,1,1,2015/5/19,2015,5,19,5,0.288,0.061,
SS18,haiyang,4,4,2015/5/19,2015,5,19,5,0.305,0.079,
SS19,haiyang,4,4,2015/5/19,2015,5,19,5,0.247,0.089,
SS20,haiyang,3,3,2015/5/19,2015,5,19,5,0.204,0.069,
SS21,haiyang,3,0,2015/5/19,2015,5,19,5,0.209,0.085,
SS22,haiyang,3,3,2015/5/19,2015,5,19,5,0.206,0.085,
SS23,haiyang,4,5,2015/5/19,2015,5,19,5,0.229,0.076,
SS24,haiyang,4,5,2015/5/19,2015,5,19,5,0.177,0.075,
SS08,haiyang,2,2,2015/8/19,2015,8,19,8,0.187,0.044,
SS09,haiyang,2,2,2015/8/19,2015,8,19,8,0.189,0.042,
SS10,haiyang,2,2,2015/8/19,2015,8,19,8,0.179,0.04,
SS11,haiyang,2,1,2015/8/19,2015,8,19,8,0.114,0.04,
SS15,haiyang,1,1,2015/8/18,2015,8,18,8,0.164,0.05,
SS16,haiyang,1,1,2015/8/18,2015,8,18,8,0.144,0.046,
SS17,haiyang,1,1,2015/8/18,2015,8,18,8,0.147,0.049,
SS18,haiyang,4,4,2015/8/18,2015,8,18,8,0.159,0.053,
SS19,haiyang,4,4,2015/8/18,2015,8,18,8,0.137,0.056,
SS20,haiyang,3,3,2015/8/17,2015,8,17,8,0.104,0.041,
SS21,haiyang,3,0,2015/8/17,2015,8,17,8,0.108,0.043,
SS22,haiyang,3,3,2015/8/17,2015,8,17,8,0.11,0.05,
SS23,haiyang,4,5,2015/8/18,2015,8,18,8,0.108,0.039,
SS24,haiyang,4,5,2015/8/18,2015,8,18,8,0.114,0.035,
SS08,haiyang,2,2,2015/10/16,2015,10,16,11,0.362,0.025,
SS09,haiyang,2,2,2015/10/12,2015,10,12,11,0.275,0.036,
SS10,haiyang,2,2,2015/10/16,2015,10,16,11,0.359,0.052,
SS11,haiyang,2,1,2015/10/16,2015,10,16,11,0.364,0.022,
SS15,haiyang,1,1,2015/10/14,2015,10,14,11,0.357,0.061,
SS17,haiyang,1,1,2015/10/14,2015,10,14,11,0.246,0.013,
SS18,haiyang,4,4,2015/10/14,2015,10,14,11,0.352,0.024,
SS19,haiyang,4,4,2015/10/14,2015,10,14,11,0.345,0.044,
SS20,haiyang,3,3,2015/10/14,2015,10,14,11,0.332,0.019,
SS21,haiyang,3,0,2015/10/14,2015,10,14,11,0.254,0.02,
SS22,haiyang,3,3,2015/10/14,2015,10,14,11,0.218,0.042,
SS23,haiyang,4,5,2015/10/14,2015,10,14,11,0.308,0.025,
SS24,haiyang,4,5,2015/10/14,2015,10,14,11,0.234,0.038,
SS08,haiyang,2,2,2016/3/9,2016,3,9,2,0.474,0.068,
SS09,haiyang,2,2,2016/3/9,2016,3,9,2,0.463,0.068,
SS10,haiyang,2,2,2016/3/9,2016,3,9,2,0.451,0.054,
SS11,haiyang,2,1,2016/3/10,2016,3,10,2,0.458,0.077,
SS15,haiyang,1,1,2016/3/8,2016,3,8,2,0.421,0.065,
SS17,haiyang,1,1,2016/3/8,2016,3,8,2,0.393,0.06,
SS18,haiyang,4,4,2016/3/8,2016,3,8,2,0.429,0.068,
SS19,haiyang,4,4,2016/3/8,2016,3,8,2,0.418,0.057,
SS20,haiyang,3,3,2016/3/8,2016,3,8,2,0.416,0.051,
SS21,haiyang,3,0,2016/3/8,2016,3,8,2,0.394,0.052,
SS22,haiyang,3,3,2016/3/8,2016,3,8,2,0.412,0.053,
SS22,haiyang,3,3,2016/3/8,2016,3,8,2,0.296,0.042,
SS23,haiyang,4,5,2016/3/8,2016,3,8,2,0.378,0.05,
SS24,haiyang,4,5,2016/3/8,2016,3,8,2,0.374,0.045,
SS08,haiyang,2,2,2016/5/9,2016,5,9,5,0.424,0.046,
SS09,haiyang,2,2,2016/5/9,2016,5,9,5,0.428,0.042,
SS10,haiyang,2,2,2016/5/9,2016,5,9,5,0.421,0.045,
SS11,haiyang,2,1,2016/5/9,2016,5,9,5,0.439,0.053,
SS15,haiyang,1,1,2016/5/10,2016,5,10,5,0.351,0.05,
SS16,haiyang,1,1,2016/5/10,2016,5,10,5,0.322,0.046,
SS17,haiyang,1,1,2016/5/11,2016,5,11,5,0.31,0.043,
SS18,haiyang,4,4,2016/5/11,2016,5,11,5,0.312,0.042,
SS19,haiyang,4,4,2016/5/11,2016,5,11,5,0.297,0.045,
SS20,haiyang,3,3,2016/5/10,2016,5,10,5,0.294,0.04,
SS21,haiyang,3,0,2016/5/11,2016,5,11,5,0.304,0.042,
SS23,haiyang,4,5,2016/5/11,2016,5,11,5,0.29,0.032,
SS24,haiyang,4,5,2016/5/11,2016,5,11,5,0.31,0.036,
SS08,haiyang,2,2,2016/8/17,2016,8,17,8,0.233,0.04,
SS09,haiyang,2,2,2016/8/17,2016,8,17,8,0.237,0.045,
SS10,haiyang,2,2,2016/8/17,2016,8,17,8,0.215,0.047,
SS11,haiyang,2,1,2016/8/15,2016,8,15,8,0.24,0.049,
SS15,haiyang,1,1,2016/8/15,2016,8,15,8,0.195,0.042,
SS16,haiyang,1,1,2016/8/15,2016,8,15,8,0.188,0.046,
SS17,haiyang,1,1,2016/8/15,2016,8,15,8,0.193,0.044,
SS18,haiyang,4,4,2016/8/18,2016,8,18,8,0.17,0.039,
SS19,haiyang,4,4,2016/8/18,2016,8,18,8,0.161,0.037,
SS20,haiyang,3,3,2016/8/18,2016,8,18,8,0.154,0.04,
SS21,haiyang,3,0,2016/8/18,2016,8,18,8,0.146,0.04,
SS22,haiyang,3,3,2016/8/18,2016,8,18,8,0.149,0.045,
SS23,haiyang,4,5,2016/8/18,2016,8,18,8,0.167,0.036,
SS24,haiyang,4,5,2016/8/18,2016,8,18,8,0.212,0.037,
SS08,haiyang,2,2,2016/10/18,2016,10,18,11,0.351,0.042,
SS09,haiyang,2,2,2016/10/19,2016,10,19,11,0.283,0.04,
SS10,haiyang,2,2,2016/10/19,2016,10,19,11,0.378,0.035,
SS11,haiyang,2,1,2016/10/17,2016,10,17,11,0.343,0.033,
SS15,haiyang,1,1,2016/10/17,2016,10,17,11,0.339,0.037,
SS16,haiyang,1,1,2016/10/17,2016,10,17,11,0.335,0.034,
SS17,haiyang,1,1,2016/10/18,2016,10,18,11,0.248,0.032,
SS18,haiyang,4,4,2016/10/18,2016,10,18,11,0.266,0.038,
SS19,haiyang,4,4,2016/10/18,2016,10,18,11,0.297,0.031,
SS20,haiyang,3,3,2016/10/18,2016,10,18,11,0.313,0.027,
SS21,haiyang,3,0,2016/10/18,2016,10,18,11,0.252,0.02,
SS22,haiyang,3,3,2016/10/18,2016,10,18,11,0.236,0.026,
SS23,haiyang,4,5,2016/10/18,2016,10,18,11,0.312,0.022,
SS24,haiyang,4,5,2016/10/18,2016,10,18,11,0.267,0.02,
SS08,haiyang,2,2,2017/2/27,2017,2,27,2,0.468,0.084,
SS09,haiyang,2,2,2017/2/27,2017,2,27,2,0.457,0.086,
SS10,haiyang,2,2,2017/2/27,2017,2,27,2,0.457,0.059,
SS11,haiyang,2,1,2017/2/28,2017,2,28,2,0.453,0.066,
SS15,haiyang,1,1,2017/2/28,2017,2,28,2,0.419,0.047,
SS16,haiyang,1,1,2017/2/28,2017,2,28,2,0.423,0.046,
SS17,haiyang,1,1,2017/3/1,2017,3,1,2,0.398,0.067,
SS18,haiyang,4,4,2017/3/1,2017,3,1,2,0.421,0.046,
SS19,haiyang,4,4,2017/3/1,2017,3,1,2,0.421,0.045,
SS20,haiyang,3,3,2017/3/1,2017,3,1,2,0.413,0.047,
SS21,haiyang,3,0,2017/3/1,2017,3,1,2,0.391,0.048,
SS22,haiyang,3,3,2017/3/1,2017,3,1,2,0.417,0.055,
SS23,haiyang,4,5,2017/3/1,2017,3,1,2,0.372,0.042,
SS24,haiyang,4,5,2017/3/1,2017,3,1,2,0.372,0.037,
SS08,haiyang,2,2,2017/5/9,2017,5,9,5,0.236,0.073,
SS09,haiyang,2,2,2017/5/10,2017,5,10,5,0.454,0.08,
SS10,haiyang,2,2,2017/5/10,2017,5,10,5,0.304,0.076,
SS11,haiyang,2,1,2017/5/10,2017,5,10,5,0.411,0.079,
SS15,haiyang,1,1,2017/5/11,2017,5,11,5,0.325,0.072,
SS16,haiyang,1,1,2017/5/11,2017,5,11,5,0.319,0.067,
SS17,haiyang,1,1,2017/5/11,2017,5,11,5,0.231,0.059,
SS18,haiyang,4,4,2017/5/11,2017,5,11,5,0.255,0.061,
SS19,haiyang,4,4,2017/5/11,2017,5,11,5,0.222,0.023,
SS20,haiyang,3,3,2017/5/10,2017,5,10,5,0.248,0.065,
SS21,haiyang,3,0,2017/5/10,2017,5,10,5,0.234,0.07,
SS22,haiyang,3,3,2017/5/10,2017,5,10,5,0.221,0.078,
SS23,haiyang,4,5,2017/5/11,2017,5,11,5,0.243,0.042,
SS24,haiyang,4,5,2017/5/11,2017,5,11,5,0.239,0.033,
SS08,haiyang,2,2,2017/8/7,2017,8,7,8,0.279,0.042,
SS09,haiyang,2,2,2017/8/7,2017,8,7,8,0.3,0.053,
SS10,haiyang,2,2,2017/8/7,2017,8,7,8,0.206,0.04,
SS11,haiyang,2,1,2017/8/7,2017,8,7,8,0.16,0.052,
SS15,haiyang,1,1,2017/8/7,2017,8,7,8,0.118,0.069,
SS16,haiyang,1,1,2017/8/8,2017,8,8,8,0.186,0.051,
SS17,haiyang,1,1,2017/8/8,2017,8,8,8,0.172,0.054,
SS18,haiyang,4,4,2017/8/7,2017,8,7,8,0.148,0.066,
SS19,haiyang,4,4,2017/8/8,2017,8,8,8,0.148,0.053,
SS20,haiyang,3,3,2017/8/9,2017,8,9,8,0.135,0.051,
SS21,haiyang,3,0,2017/8/9,2017,8,9,8,0.112,0.048,
SS22,haiyang,3,3,2017/8/9,2017,8,9,8,0.154,0.046,
SS23,haiyang,4,5,2017/8/8,2017,8,8,8,0.145,0.039,
SS24,haiyang,4,5,2017/8/8,2017,8,8,8,0.158,0.03,
SS08,haiyang,2,2,2017/10/18,2017,10,18,11,0.449,0.038,
SS09,haiyang,2,2,2017/10/18,2017,10,18,11,0.409,0.035,
SS10,haiyang,2,2,2017/10/18,2017,10,18,11,0.345,0.033,
SS11,haiyang,2,1,2017/10/18,2017,10,18,11,0.433,0.036,
SS15,haiyang,1,1,2017/10/18,2017,10,18,11,0.325,0.034,
SS16,haiyang,1,1,2017/10/19,2017,10,19,11,0.375,0.037,
SS17,haiyang,1,1,2017/10/19,2017,10,19,11,0.358,0.034,
SS18,haiyang,4,4,2017/10/19,2017,10,19,11,0.377,0.036,
SS19,haiyang,4,4,2017/10/19,2017,10,19,11,0.314,0.031,
SS20,haiyang,3,3,2017/10/19,2017,10,19,11,0.393,0.037,
SS21,haiyang,3,0,2017/10/19,2017,10,19,11,0.334,0.029,
SS22,haiyang,3,3,2017/10/19,2017,10,19,11,0.397,0.032,
SS23,haiyang,4,5,2017/10/19,2017,10,19,11,0.337,0.034,
SS24,haiyang,4,5,2017/10/19,2017,10,19,11,0.311,0.037,
SS08,haiyang,2,2,2018/3/5,2018,3,5,2,0.593,0.061,
SS09,haiyang,2,2,2018/3/5,2018,3,5,2,0.549,0.055,
SS10,haiyang,2,2,2018/3/5,2018,3,5,2,0.546,0.05,
SS11,haiyang,2,1,2018/3/5,2018,3,5,2,0.667,0.05,
SS15,haiyang,1,1,2018/3/5,2018,3,5,2,0.522,0.057,
SS16,haiyang,1,1,2018/3/6,2018,3,6,2,0.367,0.051,
SS17,haiyang,1,1,2018/3/6,2018,3,6,2,0.392,0.041,
SS18,haiyang,4,4,2018/3/6,2018,3,6,2,0.362,0.05,
SS19,haiyang,4,4,2018/3/6,2018,3,6,2,0.31,0.037,
SS20,haiyang,3,3,2018/3/6,2018,3,6,2,0.379,0.039,
SS21,haiyang,3,0,2018/3/6,2018,3,6,2,0.356,0.032,
SS22,haiyang,3,3,2018/3/6,2018,3,6,2,0.357,0.037,
SS23,haiyang,4,5,2018/3/6,2018,3,6,2,0.418,0.031,
SS24,haiyang,4,5,2018/3/6,2018,3,6,2,0.377,0.033,
SS08,haiyang,2,2,2018/5/15,2018,5,15,5,0.257,0.075,
SS09,haiyang,2,2,2018/5/15,2018,5,15,5,0.305,0.073,
SS10,haiyang,2,2,2018/5/15,2018,5,15,5,0.219,0.073,
SS11,haiyang,2,1,2018/5/15,2018,5,15,5,0.265,0.076,
SS15,haiyang,1,1,2018/5/15,2018,5,15,5,0.22,0.073,
SS16,haiyang,1,1,2018/5/15,2018,5,15,5,0.236,0.063,
SS17,haiyang,1,1,2018/5/16,2018,5,16,5,0.223,0.05,
SS18,haiyang,4,4,2018/5/15,2018,5,15,5,0.213,0.051,
SS19,haiyang,4,4,2018/5/16,2018,5,16,5,0.22,0.04,
SS20,haiyang,3,3,2018/5/15,2018,5,15,5,0.213,0.044,
SS21,haiyang,3,0,2018/5/16,2018,5,16,5,0.204,0.055,
SS22,haiyang,3,3,2018/5/16,2018,5,16,5,0.232,0.069,
SS23,haiyang,4,5,2018/5/16,2018,5,16,5,0.206,0.039,
SS24,haiyang,4,5,2018/5/16,2018,5,16,5,0.203,0.034,
SS08,haiyang,2,2,2018/8/8,2018,8,8,8,0.368,0.04,
SS09,haiyang,2,2,2018/8/8,2018,8,8,8,0.353,0.048,
SS10,haiyang,2,2,2018/8/8,2018,8,8,8,0.217,0.041,
SS11,haiyang,2,1,2018/8/8,2018,8,8,8,0.228,0.05,
SS15,haiyang,1,1,2018/8/9,2018,8,9,8,0.226,0.05,
SS16,haiyang,1,1,2018/8/9,2018,8,9,8,0.202,0.046,
SS17,haiyang,1,1,2018/8/9,2018,8,9,8,0.207,0.047,
SS18,haiyang,4,4,2018/8/10,2018,8,10,8,0.231,0.049,
SS19,haiyang,4,4,2018/8/9,2018,8,9,8,0.203,0.051,
SS20,haiyang,3,3,2018/8/8,2018,8,8,8,0.203,0.043,
SS21,haiyang,3,0,2018/8/10,2018,8,10,8,0.216,0.044,
SS22,haiyang,3,3,2018/8/10,2018,8,10,8,0.327,0.045,
SS23,haiyang,4,5,2018/8/9,2018,8,9,8,0.223,0.038,
SS24,haiyang,4,5,2018/8/9,2018,8,9,8,0.634,0.03,
SS08,haiyang,2,2,2018/10/11,2018,10,11,11,0.385192168,0.04,
SS09,haiyang,2,2,2018/10/11,2018,10,11,11,0.349629376,0.039,
SS10,haiyang,2,2,2018/10/11,2018,10,11,11,0.302497965,0.038,
SS11,haiyang,2,1,2018/10/9,2018,10,9,11,0.408329406,0.041,
SS15,haiyang,1,1,2018/10/9,2018,10,9,11,0.316208921,0.038,
SS16,haiyang,1,1,2018/10/9,2018,10,9,11,0.290500878,0.038,
SS17,haiyang,1,1,2018/10/9,2018,10,9,11,0.318779725,0.039,
SS18,haiyang,4,4,2018/10/9,2018,10,9,11,0.384,0.037,
SS19,haiyang,4,4,2018/10/10,2018,10,10,11,0.301212563,0.037,
SS20,haiyang,3,3,2018/10/11,2018,10,11,11,0.278075325,0.035,
SS21,haiyang,3,0,2018/10/12,2018,10,12,11,0.316,0.038,
SS22,haiyang,3,3,2018/10/13,2018,10,13,11,0.245083337,0.036,
SS23,haiyang,4,5,2018/10/14,2018,10,14,11,0.352628647,0.032,
SS24,haiyang,4,5,2018/10/15,2018,10,15,11,0.302497965,0.034,
F6,huanbao2,2,0,2019/5/16,2019,5,16,5,0.5485,0.0595,1.0852
D35YQ018,huanbao2,2,0,2019/4/25,2019,4,25,5,0.742,0.083,1.0098
F11,huanbao2,3,0,2019/5/17,2019,5,17,5,0.4335,0.106,0.8921
D35YQ016,huanbao2,3,3,2019/4/23,2019,4,23,5,0.43,0.018,0.4416
F10,huanbao2,3,0,2019/5/16,2019,5,16,5,0.4563,0.05733,0.855
D35YQ129,huanbao2,4,4,2019/4/23,2019,4,23,5,0.51,0.10433,0.2208
F9,huanbao2,1,0,2019/5/16,2019,5,16,5,0.471,0.066,1.4773
D35YQ022,huanbao2,1,0,2019/4/25,2019,4,25,5,0.64,0.185,1.1372
D35YQ026,huanbao2,4,4,2019/4/23,2019,4,23,5,0.4338,0.028,0.3393
F12,huanbao2,5,0,2019/5/10,2019,5,10,5,0.3957,0.026,1.2966
FJ009W,huanbao2,5,5,2019/4/29,2019,4,29,5,0.202,0.017,0.5891
D35YQ128,huanbao2,3,0,2019/4/25,2019,4,25,5,0.695,0.089,0.6116
D35YQ126,huanbao2,2,2,2019/4/28,2019,4,28,5,0.221,0.048,0.4497
D35YQ125,huanbao2,2,2,2019/4/28,2019,4,28,5,0.417,0.079,0.4578
D35YQ127,huanbao2,1,1,2019/4/28,2019,4,28,5,0.272,0.11,0.5609
F8,huanbao2,1,0,2019/5/16,2019,5,16,5,0.535,0.092,0.9792
D35YQ024,huanbao2,4,4,2019/4/23,2019,4,23,5,0.463,0.03933,0.2998
D35YQ019,huanbao2,1,0,2019/4/25,2019,4,25,5,0.6495,0.0845,0.8921
D35YQ023,huanbao2,1,1,2019/4/25,2019,4,25,5,0.566,0.096,0.5601
F7,huanbao2,2,0,2019/5/16,2019,5,16,5,0.513,0.057,1.5792
D35YQ021,huanbao2,3,3,2019/4/25,2019,4,25,5,0.511,0.083,0.4578
F6,huanbao2,2,0,2019/7/24,2019,7,24,8,0.446,0.074,2.0562
D35YQ018,huanbao2,2,2,2019/8/8,2019,8,8,8,0.25,0.0745,1.95
F11,huanbao2,3,0,2019/7/24,2019,7,24,8,0.364,0.17,2.0994
D35YQ016,huanbao2,3,3,2019/8/18,2019,8,18,8,0.174,0.026,0.88
F10,huanbao2,3,0,2019/7/24,2019,7,24,8,0.2783,0.06433,3.2789
D35YQ129,huanbao2,4,4,2019/8/17,2019,8,17,8,0.2005,0.0335,0.68
F9,huanbao2,1,0,2019/7/24,2019,7,24,8,0.327,0.05,1.8004
D35YQ022,huanbao2,1,1,2019/8/8,2019,8,8,8,0.167,0.087,1.83
D35YQ026,huanbao2,4,4,2019/8/19,2019,8,19,8,0.1372,0.02075,0.605
F12,huanbao2,5,0,2019/8/15,2019,8,15,8,0.0687,0.01967,2.1059
FJ009W,huanbao2,5,5,2019/8/15,2019,8,15,8,0.139,0.02667,0.47
D35YQ128,huanbao2,3,3,2019/8/8,2019,8,8,8,0.249,0.064,1.34
D35YQ126,huanbao2,2,2,2019/8/16,2019,8,16,8,0.196,0.018,0.88
D35YQ125,huanbao2,2,2,2019/8/16,2019,8,16,8,0.585,0.058,1.49
D35YQ127,huanbao2,1,1,2019/8/8,2019,8,8,8,0.3595,0.0745,1.46
F8,huanbao2,1,0,2019/7/24,2019,7,24,8,0.4095,0.0525,1.3499
D35YQ024,huanbao2,4,4,2019/8/14,2019,8,14,8,0.1155,0.0375,0.665
D35YQ019,huanbao2,1,1,2019/8/8,2019,8,8,8,0.2155,0.0595,1.8
D35YQ023,huanbao2,1,1,2019/8/14,2019,8,14,8,0.081,0.0155,1.52
F7,huanbao2,2,0,2019/7/24,2019,7,24,8,0.3635,0.0445,3.3308
D35YQ021,huanbao2,3,3,2019/8/14,2019,8,14,8,0.1385,0.023,1.27
F6,huanbao2,2,0,2019/10/16,2019,10,16,11,0.2365,0.0265,4.08
D35YQ018,huanbao2,2,2,2019/10/17,2019,10,17,11,0.596,0.0235,0.91
F11,huanbao2,3,0,2019/10/16,2019,10,16,11,0.283,0.01,2.64
D35YQ016,huanbao2,3,3,2019/10/29,2019,10,29,11,0.453,0.076,0.6
F10,huanbao2,3,0,2019/10/16,2019,10,16,11,0.321,0.01633,5.3267
D35YQ129,huanbao2,4,4,2019/10/30,2019,10,30,11,0.499,0.064,0.525
F9,huanbao2,1,0,2019/10/16,2019,10,16,11,0.148,0.034,4.285
D35YQ022,huanbao2,1,0,2019/10/17,2019,10,17,11,0.709,0.12,0.65
D35YQ026,huanbao2,4,4,2019/10/17,2019,10,17,11,0.5095,0.028,0.655
F12,huanbao2,5,0,2019/10/11,2019,10,11,11,0.282,0.01633,2.7033
FJ009W,huanbao2,5,5,2019/10/26,2019,10,26,11,0.4048,0.032,0.91
D35YQ128,huanbao2,3,0,2019/10/17,2019,10,17,11,0.6295,0.018,0.545
D35YQ126,huanbao2,2,0,2019/11/1,2019,11,1,11,0.965,0.012,0.44
D35YQ125,huanbao2,2,0,2019/11/1,2019,11,1,11,1.05,0.009,0.92
D35YQ127,huanbao2,1,0,2019/10/17,2019,10,17,11,0.664,0.045,1.5
F8,huanbao2,1,0,2019/10/16,2019,10,16,11,0.4005,0.009,2.915
D35YQ024,huanbao2,4,4,2019/10/17,2019,10,17,11,0.5257,0.031,0.67
D35YQ019,huanbao2,1,0,2019/10/17,2019,10,17,11,0.6145,0.0295,0.775
D35YQ023,huanbao2,1,1,2019/10/17,2019,10,17,11,0.5995,0.0325,0.49
F7,huanbao2,2,0,2019/10/16,2019,10,16,11,0.387,0.027,1.405
D35YQ021,huanbao2,3,3,2019/10/17,2019,10,17,11,0.5835,0.0355,0.72
FJD10019,huanbao2,2,2,2020/4/21,2020,4,21,5,0.4645,0.151,1.43
FJD10018,huanbao2,2,2,2020/4/21,2020,4,21,5,0.506,0.15,1.44
FJS0910,huanbao2,2,2,2020/4/21,2020,4,21,5,0.515,0.155,1.55
FJD10005,huanbao2,3,3,2020/5/14,2020,5,14,5,0.267,0.129,0.865
FJS0917,huanbao2,3,3,2020/4/21,2020,4,21,5,0.3123,0.20333,2.3067
FJD10017,huanbao2,3,0,2020/4/21,2020,4,21,5,0.14,1.262,1.19
FJD10006,huanbao2,3,3,2020/5/14,2020,5,14,5,0.2233,0.094,1.57
FJS0914,huanbao2,4,0,2020/4/21,2020,4,21,5,0.323,0.63833,1.3267
FJS0918,huanbao2,1,1,2020/5/20,2020,5,20,5,0.2123,0.08167,2.1033
FJS0916,huanbao2,1,1,2020/4/21,2020,4,21,5,0.422,0.235,1.97
FJD10024,huanbao2,4,4,2020/5/20,2020,5,20,5,0.2147,0.24333,1.45
FJD10007,huanbao2,5,5,2020/5/14,2020,5,14,5,0.1422,0.0675,0.7575
FJS0912,huanbao2,3,0,2020/4/21,2020,4,21,5,0.424,0.3275,2.1
FJD10030,huanbao2,2,0,2020/4/21,2020,4,21,5,0.6905,0.1235,1.52
FJS0907,huanbao2,2,0,2020/4/21,2020,4,21,5,0.741,0.11,1.31
FJD10031,huanbao2,1,1,2020/4/21,2020,4,21,5,0.502,0.21,2.26
FJD10004,huanbao2,1,1,2020/5/14,2020,5,14,5,0.3935,0.1465,3.17
FJD10023,huanbao2,4,4,2020/5/20,2020,5,20,5,0.2023,0.105,1.1967
FJD10022,huanbao2,1,1,2020/4/21,2020,4,21,5,0.3625,0.131,1.77
FJS0909,huanbao2,2,0,2020/4/21,2020,4,21,5,0.688,0.2625,1.3
FJS0911,huanbao2,2,2,2020/4/21,2020,4,21,5,0.493,0.2025,1.53
FJS0915,huanbao2,3,3,2020/4/21,2020,4,21,5,0.35,0.1425,2.095
FJS0913,huanbao2,1,0,2020/4/21,2020,4,21,5,0.484,0.65,2.33
FJD10019,huanbao2,2,2,2020/8/18,2020,8,18,8,0.1605,0.0215,1.97
FJD10018,huanbao2,2,2,2020/8/18,2020,8,18,8,0.2115,0.0255,3.51
FJS0910,huanbao2,2,2,2020/8/18,2020,8,18,8,0.237,0.017,4
FJD10005,huanbao2,3,3,2020/8/13,2020,8,13,8,0.318,0.005,1.965
FJS0917,huanbao2,3,3,2020/8/19,2020,8,19,8,0.104,0.0025,0.87
FJD10017,huanbao2,3,3,2020/8/19,2020,8,19,8,0.18,0.017,0.92
FJD10006,huanbao2,3,3,2020/8/13,2020,8,13,8,0.3413,0.005,1.7867
FJS0914,huanbao2,4,4,2020/8/19,2020,8,19,8,0.1493,0.02967,0.7567
FJS0918,huanbao2,1,1,2020/8/19,2020,8,19,8,0.1465,0.001,0.87
FJS0916,huanbao2,1,1,2020/8/18,2020,8,18,8,0.255,0.082,0.93
FJD10024,huanbao2,4,4,2020/8/19,2020,8,19,8,0.123,0.00967,1.6333
FJD10007,huanbao2,5,5,2020/8/1,2020,8,1,8,0.08,0.00285,0.77
FJS0912,huanbao2,3,3,2020/8/18,2020,8,18,8,0.1365,0.0075,1.34
FJD10030,huanbao2,2,2,2020/8/18,2020,8,18,8,0.355,0.012,6.58
FJS0907,huanbao2,2,2,2020/8/18,2020,8,18,8,0.415,0.02,6.93
FJD10031,huanbao2,1,1,2020/8/18,2020,8,18,8,0.208,0.029,1.4
FJD10004,huanbao2,1,1,2020/8/13,2020,8,13,8,0.325,0.011,1.785
FJD10023,huanbao2,4,4,2020/8/19,2020,8,19,8,0.0653,0.00367,1.5533
FJD10022,huanbao2,1,1,2020/8/18,2020,8,18,8,0.16,0.0075,0.86
FJS0909,huanbao2,2,2,2020/8/18,2020,8,18,8,0.1745,0.0185,1.57
FJS0911,huanbao2,2,2,2020/8/18,2020,8,18,8,0.15,0.039,1.805
FJS0915,huanbao2,3,3,2020/8/18,2020,8,18,8,0.1325,0.027,1.39
FJS0913,huanbao2,1,1,2020/8/18,2020,8,18,8,0.18,0.019,1.17
FJD10019,huanbao2,2,2,2020/10/13,2020,10,13,11,0.5765,0.001,2.26
FJD10018,huanbao2,2,0,2020/10/13,2020,10,13,11,0.6185,0.001,1.805
FJS0910,huanbao2,2,0,2020/10/13,2020,10,13,11,0.74,0.001,1.91
FJD10005,huanbao2,3,3,2020/11/3,2020,11,3,11,0.421,0.074,0.325
FJS0917,huanbao2,3,3,2020/10/13,2020,10,13,11,0.402,0.021,2.41
FJD10017,huanbao2,3,3,2020/10/13,2020,10,13,11,0.344,0.001,1.7
FJD10006,huanbao2,3,3,2020/11/3,2020,11,3,11,0.5347,0.02933,0.6867
FJS0914,huanbao2,4,4,2020/10/13,2020,10,13,11,0.4463,0.01067,1.7033
FJS0918,huanbao2,1,1,2020/10/13,2020,10,13,11,0.27,0.001,3.74
FJS0916,huanbao2,1,0,2020/10/13,2020,10,13,11,0.816,0.284,2.41
FJD10024,huanbao2,4,4,2020/10/13,2020,10,13,11,0.2985,0.00225,3.82
FJD10007,huanbao2,5,5,2020/11/22,2020,11,22,11,0.314,0.01275,0.56
FJS0912,huanbao2,3,3,2020/10/13,2020,10,13,11,0.466,0.001,2.605
FJD10030,huanbao2,2,0,2020/10/13,2020,10,13,11,0.847,0.001,1.8
FJS0907,huanbao2,2,0,2020/10/13,2020,10,13,11,0.852,0.001,2.11
FJD10031,huanbao2,1,0,2020/10/13,2020,10,13,11,0.704,0.005,3.755
FJD10004,huanbao2,1,0,2020/11/3,2020,11,3,11,0.6215,0.067,0.66
FJD10023,huanbao2,4,4,2020/10/13,2020,10,13,11,0.384,0.001,3.78
FJD10022,huanbao2,1,0,2020/10/13,2020,10,13,11,0.625,0.019,2.26
FJS0909,huanbao2,2,0,2020/10/13,2020,10,13,11,0.703,0.001,2.4
FJS0911,huanbao2,2,0,2020/10/13,2020,10,13,11,0.6065,0.001,2.385
FJS0915,huanbao2,3,3,2020/10/13,2020,10,13,11,0.4475,0.001,3.045
FJS0913,huanbao2,1,1,2020/10/13,2020,10,13,11,0.573,0.031,1.77
